date,site,samp.type,collection.period,SEASON,samp.point,taxa,number.individuals,age.class,prey.category,,,
6/22/2016,SGL 205,leaf litter,1,spring,1,Acari,101,Undetermined,terrestrial,,,
6/22/2016,SGL 205,leaf litter,1,spring,1,Collembola,169,Undetermined,terrestrial,,,
6/22/2016,SGL 205,leaf litter,1,spring,1,Staphylinidae,2,Immature,terrestrial,,,
6/22/2016,SGL 205,leaf litter,1,spring,1,Chironomidae,23,Immature,aquatic,,,
6/22/2016,SGL 205,leaf litter,1,spring,1,Ceratopogonidae,2,Immature,aquatic,,,
6/22/2016,SGL 205,leaf litter,1,spring,1,Tipulidae,3,Immature,intermediate,,,
6/22/2016,SGL 205,leaf litter,1,spring,1,Cecidomyiidae,3,Immature,terrestrial,,,
6/22/2016,SGL 205,leaf litter,1,spring,1,Psychodidae,6,Immature,intermediate,,,
6/22/2016,SGL 205,leaf litter,1,spring,1,Diptera,4,Immature,intermediate,,,
6/22/2016,SGL 205,leaf litter,1,spring,1,Curculionidae,1,Adult,terrestrial,,,
6/22/2016,SGL 205,leaf litter,1,spring,1,Leiodidae,1,Adult,terrestrial,,,
6/22/2016,SGL 205,leaf litter,1,spring,1,Ptiliidae,1,Adult,terrestrial,,,
6/22/2016,SGL 205,leaf litter,1,spring,1,Formicidae,1,Adult,terrestrial,,,
6/22/2016,SGL 205,leaf litter,1,spring,1,Araneae,1,Undetermined,terrestrial,,,
6/22/2016,SGL 205,leaf litter,1,spring,1,Thysanoptera,1,Adult,terrestrial,,,
6/22/2016,SGL 205,leaf litter,1,spring,1,Isopoda,2,Undetermined,terrestrial,,,
6/22/2016,SGL 205,leaf litter,1,spring,1,Symphyla,1,Undetermined,terrestrial,,,
6/22/2016,SGL 205,leaf litter,1,spring,1,Diplopoda,5,Undetermined,terrestrial,,,
6/22/2016,SGL 205,leaf litter,1,spring,2,Acari,16,Undetermined,terrestrial,,,
6/22/2016,SGL 205,leaf litter,1,spring,2,Collembola,40,Undetermined,terrestrial,,,
6/22/2016,SGL 205,leaf litter,1,spring,2,Pseudoscorpiones,13,Undetermined,terrestrial,,,
6/22/2016,SGL 205,leaf litter,1,spring,2,Chalcidoidea,1,Adult,terrestrial,,,
6/22/2016,SGL 205,leaf litter,1,spring,2,Curculionidae,1,Adult,terrestrial,,,
6/22/2016,SGL 205,leaf litter,1,spring,2,Psocoptera,3,Immature,terrestrial,,,
6/22/2016,SGL 205,leaf litter,1,spring,2,Orthoptera,1,Immature,terrestrial,,,
6/22/2016,SGL 205,leaf litter,1,spring,2,Hemiptera,1,Immature,terrestrial,,,
6/22/2016,SGL 205,leaf litter,1,spring,3,Acari,13,Undetermined,terrestrial,,,
6/22/2016,SGL 205,leaf litter,1,spring,3,Collembola,28,Undetermined,terrestrial,,,
6/22/2016,SGL 205,leaf litter,1,spring,3,Araneae,3,Undetermined,terrestrial,,,
6/22/2016,SGL 205,leaf litter,1,spring,3,Chironomidae,62,Immature,aquatic,,,
6/22/2016,SGL 205,leaf litter,1,spring,3,Tipulidae,12,Immature,intermediate,,,
6/22/2016,SGL 205,leaf litter,1,spring,3,Dolichopodidae,3,Immature,terrestrial,,,
6/22/2016,SGL 205,leaf litter,1,spring,3,Ptiliidae,1,Adult,terrestrial,,,
6/22/2016,SGL 205,leaf litter,1,spring,3,Thysanoptera,1,Adult,terrestrial,,,
6/22/2016,SGL 205,leaf litter,1,spring,3,Isopoda,3,Undetermined,terrestrial,,,
6/22/2016,SGL 205,leaf litter,1,spring,3,Carabidae,1,Adult,terrestrial,,,
6/22/2016,SGL 205,leaf litter,1,spring,3,Sciaridae,12,Immature,terrestrial,,,
6/22/2016,SGL 205,leaf litter,1,spring,3,Coleoptera,1,Immature,terrestrial,,,
6/22/2016,SGL 205,leaf litter,1,spring,3,Diptera,1,Immature,intermediate,,,
6/22/2016,SGL 205,leaf litter,1,spring,3,Cecidomyiidae,1,Immature,terrestrial,,,
6/22/2016,SGL 205,leaf litter,1,spring,4,Acari,20,Undetermined,terrestrial,,,
6/22/2016,SGL 205,leaf litter,1,spring,4,Collembola,32,Undetermined,terrestrial,,,
6/22/2016,SGL 205,leaf litter,1,spring,4,Araneae,2,Undetermined,terrestrial,,,
6/22/2016,SGL 205,leaf litter,1,spring,4,Tipulidae,13,Immature,intermediate,,,
6/22/2016,SGL 205,leaf litter,1,spring,4,Psychodidae,5,Immature,intermediate,,,
6/22/2016,SGL 205,leaf litter,1,spring,4,Chironomidae,70,Immature,aquatic,,,
6/22/2016,SGL 205,leaf litter,1,spring,4,Lepidoptera,1,Immature,terrestrial,,,
6/22/2016,SGL 205,leaf litter,1,spring,4,Ptiliidae,1,Adult,terrestrial,,,
6/22/2016,SGL 205,leaf litter,1,spring,4,Thysanoptera,1,Adult,terrestrial,,,
6/22/2016,SGL 205,leaf litter,1,spring,4,Isopoda,2,Undetermined,terrestrial,,,
6/22/2016,SGL 205,leaf litter,1,spring,4,Dolichopodidae,3,Immature,terrestrial,,,
6/22/2016,SGL 205,leaf litter,1,spring,4,Chalcidoidea,1,Adult,terrestrial,,,
6/22/2016,SGL 205,leaf litter,1,spring,4,Acalyptratae,1,Adult,intermediate,,,
6/22/2016,SGL 205,leaf litter,1,spring,4,Sciaridae,1,Immature,terrestrial,,,
6/22/2016,SGL 205,leaf litter,1,spring,4,Coleoptera,2,Adult,terrestrial,,,
6/22/2016,SGL 205,leaf litter,1,spring,4,Coleoptera,1,Immature,terrestrial,,,
6/22/2016,SGL 205,leaf litter,1,spring,4,Diptera,2,Immature,intermediate,,,
6/22/2016,SGL 205,leaf litter,1,spring,5,Acari,30,Undetermined,terrestrial,,,
6/22/2016,SGL 205,leaf litter,1,spring,5,Collembola,28,Undetermined,terrestrial,,,
6/22/2016,SGL 205,leaf litter,1,spring,5,Araneae,1,Undetermined,terrestrial,,,
6/22/2016,SGL 205,leaf litter,1,spring,5,Staphylinidae,1,Adult,terrestrial,,,
6/22/2016,SGL 205,leaf litter,1,spring,5,Ptiliidae,2,Adult,terrestrial,,,
6/22/2016,SGL 205,leaf litter,1,spring,5,Chironomidae,2,Adult,aquatic,,,
6/22/2016,SGL 205,leaf litter,1,spring,5,Isopoda,8,Undetermined,terrestrial,,,
6/22/2016,SGL 205,leaf litter,1,spring,5,Curculionidae,2,Adult,terrestrial,,,
6/22/2016,SGL 205,leaf litter,1,spring,5,Psocoptera,1,Immature,terrestrial,,,
6/22/2016,SGL 205,leaf litter,1,spring,5,Pseudoscorpiones,2,Undetermined,terrestrial,,,
6/22/2016,SGL 205,leaf litter,1,spring,5,Orthoptera,1,Immature,terrestrial,,,
6/22/2016,SGL 205,leaf litter,1,spring,5,Lepidoptera,3,Immature,terrestrial,,,
6/22/2016,SGL 205,leaf litter,1,spring,5,Gastropoda,2,Undetermined,terrestrial,,,
6/22/2016,SGL 205,leaf litter,1,spring,5,Diptera,1,Adult,intermediate,,,
6/22/2016,SGL 205,leaf litter,1,spring,5,Diptera,1,Immature,intermediate,,,
6/22/2016,SGL 205,leaf litter,1,spring,5,Coleoptera,1,Adult,terrestrial,,,
6/22/2016,SGL 205,leaf litter,1,spring,5,Cecidomyiidae,1,Immature,terrestrial,,,
8/15/2016,SGL 221,leaf pack,2,summer,1,Peltoperlidae,245,Immature,aquatic,,,
8/15/2016,SGL 221,leaf pack,2,summer,1,Pteronarcyidae,9,Immature,aquatic,,,
8/15/2016,SGL 221,leaf pack,2,summer,1,Gomphidae,1,Immature,aquatic,,,
8/15/2016,SGL 221,leaf pack,2,summer,1,Perlidae,1,Immature,aquatic,,,
8/15/2016,SGL 221,leaf pack,2,summer,1,Plecoptera,13,Immature,aquatic,,,
8/15/2016,SGL 221,leaf pack,2,summer,1,Collembola,6,Undetermined,terrestrial,,,
8/15/2016,SGL 221,leaf pack,2,summer,1,Chironomidae,3,Immature,aquatic,,,
8/15/2016,SGL 221,leaf pack,2,summer,1,Tipulidae,1,Immature,intermediate,,,
8/15/2016,SGL 221,leaf pack,2,summer,1,Acari,3,Undetermined,terrestrial,,,
8/15/2016,SGL 221,leaf pack,2,summer,1,Empididae,2,Immature,aquatic,,,
8/15/2016,SGL 221,leaf pack,2,summer,1,Sciaridae,1,Adult,intermediate,,,
8/15/2016,SGL 221,leaf pack,2,summer,1,Elmidae,1,Immature,aquatic,,,
8/15/2016,SGL 221,leaf pack,2,summer,1,Lepidostomatidae,2,Immature,aquatic,,,
8/15/2016,SGL 221,leaf pack,2,summer,1,Trichoptera,14,Immature,aquatic,,,
8/15/2016,SGL 221,leaf pack,2,summer,2,Peltoperlidae,1,Immature,aquatic,,,
8/15/2016,SGL 221,leaf pack,2,summer,2,Plecoptera,1,Adult,aquatic,,,
8/15/2016,SGL 221,leaf pack,2,summer,2,Plecoptera,2,Immature,aquatic,,,
8/15/2016,SGL 221,leaf pack,2,summer,2,Chironomidae,14,Immature,aquatic,,,
8/15/2016,SGL 221,leaf pack,2,summer,2,Lepidostomatidae,7,Immature,aquatic,,,
8/15/2016,SGL 221,leaf pack,2,summer,2,Odontoceridae,2,Immature,aquatic,,,
8/15/2016,SGL 221,leaf pack,2,summer,3,Peltoperlidae,9,Immature,aquatic,,,
8/15/2016,SGL 221,leaf pack,2,summer,3,Pteronarcyidae,4,Immature,aquatic,,,
8/15/2016,SGL 221,leaf pack,2,summer,3,Plecoptera,11,Immature,aquatic,,,
8/15/2016,SGL 221,leaf pack,2,summer,3,Plethodontidae,1,Immature,aquatic,,,
8/15/2016,SGL 221,leaf pack,2,summer,3,Lepidostomatidae,2,Immature,aquatic,,,
8/15/2016,SGL 221,leaf pack,2,summer,3,Odontoceridae,6,Immature,aquatic,,,
8/15/2016,SGL 221,leaf pack,2,summer,3,Ephemeroptera,3,Immature,aquatic,,,
8/15/2016,SGL 221,leaf pack,2,summer,3,Elmidae,3,Immature,aquatic,,,
8/15/2016,SGL 221,leaf pack,2,summer,3,Acari,3,Undetermined,terrestrial,,,
8/15/2016,SGL 221,leaf pack,2,summer,3,Collembola,1,Undetermined,terrestrial,,,
8/15/2016,SGL 221,leaf pack,2,summer,4,Pteronarcyidae,8,Immature,aquatic,,,
8/15/2016,SGL 221,leaf pack,2,summer,4,Peltoperlidae,4,Immature,aquatic,,,
8/15/2016,SGL 221,leaf pack,2,summer,4,Plecoptera,4,Immature,aquatic,,,
8/15/2016,SGL 221,leaf pack,2,summer,4,Araneae,1,Undetermined,terrestrial,,,
8/15/2016,SGL 221,leaf pack,2,summer,4,Chironomidae,8,Immature,aquatic,,,
8/15/2016,SGL 221,leaf pack,2,summer,4,Collembola,1,Undetermined,terrestrial,,,
8/15/2016,SGL 221,leaf pack,2,summer,4,Ephemeroptera,1,Immature,aquatic,,,
8/15/2016,SGL 221,leaf pack,2,summer,5,Pteronarcyidae,11,Immature,aquatic,,,
8/15/2016,SGL 221,leaf pack,2,summer,5,Collembola,6,Undetermined,terrestrial,,,
8/15/2016,SGL 221,leaf pack,2,summer,5,Peltoperlidae,71,Immature,aquatic,,,
8/15/2016,SGL 221,leaf pack,2,summer,5,Plecoptera,22,Immature,aquatic,,,
8/15/2016,SGL 221,leaf pack,2,summer,5,Ephemeroptera,6,Immature,aquatic,,,
8/15/2016,SGL 221,leaf pack,2,summer,5,Lepidostomatidae,7,Immature,aquatic,,,
8/15/2016,SGL 221,leaf pack,2,summer,5,Rhyacophilidae,43,Immature,aquatic,,,
8/15/2016,SGL 221,leaf pack,2,summer,5,Empididae,13,Immature,aquatic,,,
8/15/2016,SGL 221,leaf pack,2,summer,5,Elmidae,1,Immature,aquatic,,,
8/15/2016,SGL 221,leaf pack,2,summer,5,Limoniidae,1,Immature,aquatic,,,
8/15/2016,SGL 221,leaf pack,2,summer,5,Chalcidoidea,2,Adult,terrestrial,,,
8/15/2016,SGL 221,leaf pack,2,summer,5,Gomphidae,1,Immature,aquatic,,,
8/15/2016,SGL 221,leaf pack,2,summer,5,Tipulidae,4,Immature,intermediate,,,
8/15/2016,SGL 221,leaf pack,2,summer,5,Acari,3,Undetermined,terrestrial,,,
8/16/2016,SGL 221,leaf litter,2,summer,1,Acari,317,Undetermined,terrestrial,,,
8/16/2016,SGL 221,leaf litter,2,summer,1,Collembola,91,Undetermined,terrestrial,,,
8/16/2016,SGL 221,leaf litter,2,summer,1,Araneae,11,Undetermined,terrestrial,,,
8/16/2016,SGL 221,leaf litter,2,summer,1,Gastropoda,3,Undetermined,terrestrial,,,
8/16/2016,SGL 221,leaf litter,2,summer,1,Chironomidae,4,Immature,aquatic,,,
8/16/2016,SGL 221,leaf litter,2,summer,1,Pseudoscorpiones,1,Undetermined,terrestrial,,,
8/16/2016,SGL 221,leaf litter,2,summer,1,Chalcidoidea,1,Adult,terrestrial,,,
8/16/2016,SGL 221,leaf litter,2,summer,1,Hemiptera,2,Immature,terrestrial,,,
8/16/2016,SGL 221,leaf litter,2,summer,1,Mecoptera,1,Adult,terrestrial,,,
8/16/2016,SGL 221,leaf litter,2,summer,1,Dolichopodidae,1,Immature,terrestrial,,,
8/16/2016,SGL 221,leaf litter,2,summer,1,Lepidoptera,1,Immature,terrestrial,,,
8/16/2016,SGL 221,leaf litter,2,summer,1,Formicidae,1,Adult,terrestrial,,,
8/16/2016,SGL 221,leaf litter,2,summer,2,Collembola,29,Undetermined,terrestrial,,,
8/16/2016,SGL 221,leaf litter,2,summer,2,Araneae,6,Undetermined,terrestrial,,,
8/16/2016,SGL 221,leaf litter,2,summer,2,Acari,379,Undetermined,terrestrial,,,
8/16/2016,SGL 221,leaf litter,2,summer,2,Formicidae,2,Adult,terrestrial,,,
8/16/2016,SGL 221,leaf litter,2,summer,2,Staphylinidae,1,Adult,terrestrial,,,
8/16/2016,SGL 221,leaf litter,2,summer,2,Diplopoda,1,Undetermined,terrestrial,,,
8/16/2016,SGL 221,leaf litter,2,summer,2,Chironomidae,3,Immature,aquatic,,,
8/16/2016,SGL 221,leaf litter,2,summer,2,Staphylinidae,1,Immature,terrestrial,,,
8/16/2016,SGL 221,leaf litter,2,summer,2,Lampyridae,1,Immature,terrestrial,,,
8/16/2016,SGL 221,leaf litter,2,summer,2,Pseudoscorpiones,1,Undetermined,terrestrial,,,
8/16/2016,SGL 221,leaf litter,2,summer,2,Gastropoda,2,Undetermined,terrestrial,,,
8/16/2016,SGL 221,leaf litter,2,summer,2,Psocoptera,2,Immature,terrestrial,,,
8/16/2016,SGL 221,leaf litter,2,summer,2,Hymenoptera,2,Adult,terrestrial,,,
8/16/2016,SGL 221,leaf litter,2,summer,3,Acari,256,Undetermined,terrestrial,,,
8/16/2016,SGL 221,leaf litter,2,summer,3,Collembola,90,Undetermined,terrestrial,,,
8/16/2016,SGL 221,leaf litter,2,summer,3,Diplopoda,2,Undetermined,terrestrial,,,
8/16/2016,SGL 221,leaf litter,2,summer,3,Chironomidae,2,Immature,aquatic,,,
8/16/2016,SGL 221,leaf litter,2,summer,3,Araneae,3,Undetermined,terrestrial,,,
8/16/2016,SGL 221,leaf litter,2,summer,3,Pseudoscorpiones,1,Undetermined,terrestrial,,,
8/16/2016,SGL 221,leaf litter,2,summer,3,Coleoptera,1,Adult,terrestrial,,,
8/16/2016,SGL 221,leaf litter,2,summer,3,Formicidae,1,Adult,terrestrial,,,
8/16/2016,SGL 221,leaf litter,2,summer,3,Tipulidae,1,Adult,terrestrial,,,
8/16/2016,SGL 221,leaf litter,2,summer,3,Cecidomyiidae,3,Immature,terrestrial,,,
8/16/2016,SGL 221,leaf litter,2,summer,3,Sciaridae,2,Immature,terrestrial,,,
8/16/2016,SGL 221,leaf litter,2,summer,3,Nematocera,1,Adult,terrestrial,,,
8/16/2016,SGL 221,leaf litter,2,summer,4,Acari,334,Undetermined,terrestrial,,,
8/16/2016,SGL 221,leaf litter,2,summer,4,Collembola,35,Undetermined,terrestrial,,,
8/16/2016,SGL 221,leaf litter,2,summer,4,Diplopoda,1,Undetermined,terrestrial,,,
8/16/2016,SGL 221,leaf litter,2,summer,4,Araneae,3,Undetermined,terrestrial,,,
8/16/2016,SGL 221,leaf litter,2,summer,4,Chironomidae,3,Immature,aquatic,,,
8/16/2016,SGL 221,leaf litter,2,summer,4,Formicidae,3,Adult,terrestrial,,,
8/16/2016,SGL 221,leaf litter,2,summer,4,Coleoptera,1,Adult,terrestrial,,,
8/16/2016,SGL 221,leaf litter,2,summer,4,Coleoptera,1,Immature,terrestrial,,,
8/16/2016,SGL 221,leaf litter,2,summer,4,Formicidae,3,Adult,terrestrial,,,
8/16/2016,SGL 221,leaf litter,2,summer,4,Cecidomyiidae,6,Immature,terrestrial,,,
8/16/2016,SGL 221,leaf litter,2,summer,4,Tipulidae,1,Immature,intermediate,,,
8/16/2016,SGL 221,leaf litter,2,summer,4,Lepidoptera,1,Immature,terrestrial,,,
8/16/2016,SGL 221,leaf litter,2,summer,4,Hymenoptera,1,Adult,terrestrial,,,
8/16/2016,SGL 221,leaf litter,2,summer,4,Nematoda,1,Undetermined,terrestrial,,,
8/16/2016,SGL 221,leaf litter,2,summer,4,Gastropoda,2,Undetermined,terrestrial,,,
8/16/2016,SGL 221,leaf litter,2,summer,4,Pseudoscorpiones,1,Undetermined,terrestrial,,,
8/16/2016,SGL 221,leaf litter,2,summer,5,Acari,88,Undetermined,terrestrial,,,
8/16/2016,SGL 221,leaf litter,2,summer,5,Collembola,14,Undetermined,terrestrial,,,
8/16/2016,SGL 221,leaf litter,2,summer,5,Diplopoda,2,Undetermined,terrestrial,,,
8/16/2016,SGL 221,leaf litter,2,summer,5,Staphylinidae,2,Adult,terrestrial,,,
8/16/2016,SGL 221,leaf litter,2,summer,5,Araneae,16,Undetermined,terrestrial,,,
8/16/2016,SGL 221,leaf litter,2,summer,5,Chironomidae,17,Immature,aquatic,,,
8/16/2016,SGL 221,leaf litter,2,summer,5,Coleoptera,1,Adult,terrestrial,,,
8/16/2016,SGL 221,leaf litter,2,summer,5,Peltoperlidae,1,Immature,aquatic,,,
8/16/2016,SGL 221,leaf litter,2,summer,5,Coleoptera,1,Adult,terrestrial,,,
8/16/2016,SGL 221,leaf litter,2,summer,5,Annelida,4,Undetermined,terrestrial,,,
8/16/2016,SGL 221,leaf litter,2,summer,5,Hemiptera,1,Immature,terrestrial,,,
8/16/2016,SGL 221,leaf litter,2,summer,5,Tingidae,1,Adult,terrestrial,,,
8/16/2016,SGL 221,leaf litter,2,summer,5,Diptera,2,Immature,intermediate,,,
8/15/2016,STAC,leaf litter,2,summer,1,Acari,431,Undetermined,terrestrial,,,
8/15/2016,STAC,leaf litter,2,summer,1,Collembola,185,Undetermined,terrestrial,,,
8/15/2016,STAC,leaf litter,2,summer,1,Araneae,5,Undetermined,terrestrial,,,
8/15/2016,STAC,leaf litter,2,summer,1,Carabidae,1,Adult,terrestrial,,,
8/15/2016,STAC,leaf litter,2,summer,1,Formicidae,12,Adult,terrestrial,,,
8/15/2016,STAC,leaf litter,2,summer,1,Staphylinidae,2,Adult,terrestrial,,,
8/15/2016,STAC,leaf litter,2,summer,1,Psocoptera,2,Immature,terrestrial,,,
8/15/2016,STAC,leaf litter,2,summer,1,Diptera,3,Immature,intermediate,,,
8/15/2016,STAC,leaf litter,2,summer,1,Cecidomyiidae,3,Immature,terrestrial,,,
8/15/2016,STAC,leaf litter,2,summer,1,Cecidomyiidae,1,Adult,terrestrial,,,
8/15/2016,STAC,leaf litter,2,summer,1,Hemiptera,2,Immature,terrestrial,,,
8/15/2016,STAC,leaf litter,2,summer,1,Chalcidoidea,2,Adult,terrestrial,,,
8/15/2016,STAC,leaf litter,2,summer,1,Isopoda,11,Undetermined,terrestrial,,,
8/15/2016,STAC,leaf litter,2,summer,1,Gastropoda,5,Undetermined,terrestrial,,,
8/15/2016,STAC,leaf litter,2,summer,1,Diplopoda,2,Undetermined,terrestrial,,,
8/15/2016,STAC,leaf litter,2,summer,1,Chironomidae,2,Immature,aquatic,,,
8/15/2016,STAC,leaf litter,2,summer,1,Pseudoscorpiones,9,Undetermined,terrestrial,,,
8/15/2016,STAC,leaf litter,2,summer,2,Acari,844,Undetermined,terrestrial,,,
8/15/2016,STAC,leaf litter,2,summer,2,Collembola,311,Undetermined,terrestrial,,,
8/15/2016,STAC,leaf litter,2,summer,2,Araneae,6,Undetermined,terrestrial,,,
8/15/2016,STAC,leaf litter,2,summer,2,Chironomidae,1,Immature,aquatic,,,
8/15/2016,STAC,leaf litter,2,summer,2,Staphylinidae,1,Adult,terrestrial,,,
8/15/2016,STAC,leaf litter,2,summer,2,Staphylinidae,1,Immature,terrestrial,,,
8/15/2016,STAC,leaf litter,2,summer,2,Chalcidoidea,3,Adult,terrestrial,,,
8/15/2016,STAC,leaf litter,2,summer,2,Limoniidae,6,Immature,aquatic,,,
8/15/2016,STAC,leaf litter,2,summer,2,Diptera,3,Immature,intermediate,,,
8/15/2016,STAC,leaf litter,2,summer,2,Cecidomyiidae,6,Immature,terrestrial,,,
8/15/2016,STAC,leaf litter,2,summer,2,Ceratopogonidae,7,Immature,aquatic,,,
8/15/2016,STAC,leaf litter,2,summer,3,Collembola,119,Undetermined,terrestrial,,,
8/15/2016,STAC,leaf litter,2,summer,3,Acari,248,Undetermined,terrestrial,,,
8/15/2016,STAC,leaf litter,2,summer,3,Formicidae,6,Adult,terrestrial,,,
8/15/2016,STAC,leaf litter,2,summer,3,Leuctridae,1,Immature,aquatic,,,
8/15/2016,STAC,leaf litter,2,summer,3,Araneae,2,Undetermined,terrestrial,,,
8/15/2016,STAC,leaf litter,2,summer,3,Staphylinidae,2,Adult,terrestrial,,,
8/15/2016,STAC,leaf litter,2,summer,3,Cantharidae,2,Immature,terrestrial,,,
8/15/2016,STAC,leaf litter,2,summer,3,Chalcidoidea,3,Adult,terrestrial,,,
8/15/2016,STAC,leaf litter,2,summer,3,Pseudoscorpiones,2,Undetermined,terrestrial,,,
8/15/2016,STAC,leaf litter,2,summer,3,Cecidomyiidae,4,Immature,terrestrial,,,
8/15/2016,STAC,leaf litter,2,summer,3,Hemiptera,1,Immature,terrestrial,,,
8/15/2016,STAC,leaf litter,2,summer,4,Staphylinidae,1,Adult,terrestrial,,,
8/15/2016,STAC,leaf litter,2,summer,4,Carabidae,1,Adult,terrestrial,,,
8/15/2016,STAC,leaf litter,2,summer,4,Acari,129,Undetermined,terrestrial,,,
8/15/2016,STAC,leaf litter,2,summer,4,Collembola,2,Undetermined,terrestrial,,,
8/15/2016,STAC,leaf litter,2,summer,4,Gastropoda,3,Undetermined,terrestrial,,,
8/15/2016,STAC,leaf litter,2,summer,4,Elateridae,1,Immature,terrestrial,,,
8/15/2016,STAC,leaf litter,2,summer,4,Diplopoda,1,Undetermined,terrestrial,,,
8/15/2016,STAC,leaf litter,2,summer,4,Chilopoda,2,Undetermined,terrestrial,,,
8/15/2016,STAC,leaf litter,2,summer,5,Acari,351,Undetermined,terrestrial,,,
8/15/2016,STAC,leaf litter,2,summer,5,Collembola,180,Undetermined,terrestrial,,,
8/15/2016,STAC,leaf litter,2,summer,5,Cecidomyiidae,3,Immature,terrestrial,,,
8/15/2016,STAC,leaf litter,2,summer,5,Archaeognatha,1,Undetermined,aquatic,,,
8/15/2016,STAC,leaf litter,2,summer,5,Ptiliidae,1,Adult,terrestrial,,,
8/15/2016,STAC,leaf litter,2,summer,5,Pseudoscorpiones,1,Undetermined,terrestrial,,,
8/15/2016,STAC,leaf litter,2,summer,5,Chalcidoidea,3,Adult,terrestrial,,,
8/15/2016,STAC,leaf litter,2,summer,5,Hemiptera,2,Adult,terrestrial,,,
8/22/2016,STAC,leaf pack,2,summer,1,Acari,2,Undetermined,terrestrial,,,
8/22/2016,STAC,leaf pack,2,summer,1,Hemiptera,2,Immature,terrestrial,,,
8/22/2016,STAC,leaf pack,2,summer,1,Peltoperlidae,2,Immature,aquatic,,,
8/22/2016,STAC,leaf pack,2,summer,1,Plecoptera,3,Immature,aquatic,,,
8/22/2016,STAC,leaf pack,2,summer,1,Ephemeroptera,1,Immature,aquatic,,,
8/22/2016,STAC,leaf pack,2,summer,1,Odontoceridae,1,Immature,aquatic,,,
8/22/2016,STAC,leaf pack,2,summer,1,Lepidostomatidae,1,Immature,aquatic,,,
8/22/2016,STAC,leaf pack,2,summer,1,Hydrophilidae,1,Adult,aquatic,,,
8/22/2016,STAC,leaf pack,2,summer,1,Corydalidae,1,Immature,aquatic,,,
8/22/2016,STAC,leaf pack,2,summer,1,Hemiptera,2,Immature,terrestrial,,,
8/22/2016,STAC,leaf pack,2,summer,1,Collembola,1,Undetermined,terrestrial,,,
8/15/2016,STAC,leaf pack,2,summer,2,Chironomidae,2,Immature,aquatic,,,
8/15/2016,STAC,leaf pack,2,summer,2,Acari,1,Undetermined,terrestrial,,,
8/15/2016,STAC,leaf pack,2,summer,2,Plecoptera,7,Immature,aquatic,,,
8/15/2016,STAC,leaf pack,2,summer,2,Odontoceridae,1,Immature,aquatic,,,
8/15/2016,STAC,leaf pack,2,summer,2,Astacoidea,1,Undetermined,aquatic,,,
8/15/2016,STAC,leaf pack,2,summer,2,Peltoperlidae,1,Immature,aquatic,,,
8/15/2016,STAC,leaf pack,2,summer,3,Chironomidae,25,Immature,aquatic,,,
8/15/2016,STAC,leaf pack,2,summer,3,Phryganeidae,1,Immature,aquatic,,,
8/15/2016,STAC,leaf pack,2,summer,3,Odontoceridae,1,Immature,aquatic,,,
8/15/2016,STAC,leaf pack,2,summer,3,Peltoperlidae,3,Immature,aquatic,,,
8/15/2016,STAC,leaf pack,2,summer,3,Leuctridae,8,Immature,aquatic,,,
8/15/2016,STAC,leaf pack,2,summer,3,Copepoda,7,Undetermined,aquatic,,,
8/15/2016,STAC,leaf pack,2,summer,4,Chironomidae,8,Immature,aquatic,,,
8/15/2016,STAC,leaf pack,2,summer,4,Aphididae,1,Immature,terrestrial,,,
8/15/2016,STAC,leaf pack,2,summer,4,Corydalidae,2,Immature,aquatic,,,
8/15/2016,STAC,leaf pack,2,summer,4,Hydrophilidae,2,Adult,aquatic,,,
8/15/2016,STAC,leaf pack,2,summer,4,Elmidae,1,Adult,aquatic,,,
8/15/2016,STAC,leaf pack,2,summer,4,Ephemeroptera,2,Immature,aquatic,,,
8/15/2016,STAC,leaf pack,2,summer,4,Chloroperlidae,2,Immature,aquatic,,,
8/15/2016,STAC,leaf pack,2,summer,4,Leuctridae,18,Immature,aquatic,,,
8/15/2016,STAC,leaf pack,2,summer,4,Peltoperlidae,15,Immature,aquatic,,,
8/15/2016,STAC,leaf pack,2,summer,4,Lepidostomatidae,11,Immature,aquatic,,,
8/15/2016,STAC,leaf pack,2,summer,4,Odontoceridae,3,Immature,aquatic,,,
8/15/2016,STAC,leaf pack,2,summer,4,Chironomidae,10,Immature,aquatic,,,
8/15/2016,STAC,leaf pack,2,summer,4,Ceratopogonidae,1,Immature,aquatic,,,
8/15/2016,STAC,leaf pack,2,summer,4,Tipulidae,2,Immature,intermediate,,,
8/15/2016,STAC,leaf pack,2,summer,5,Acari,2,Undetermined,terrestrial,,,
8/15/2016,STAC,leaf pack,2,summer,5,Collembola,1,Undetermined,terrestrial,,,
8/15/2016,STAC,leaf pack,2,summer,5,Ephemeroptera,5,Immature,aquatic,,,
8/15/2016,STAC,leaf pack,2,summer,5,Pteronarcyidae,1,Immature,aquatic,,,
8/15/2016,STAC,leaf pack,2,summer,5,Leuctridae,35,Immature,aquatic,,,
8/15/2016,STAC,leaf pack,2,summer,5,Chloroperlidae,7,Immature,aquatic,,,
8/15/2016,STAC,leaf pack,2,summer,5,Odontoceridae,23,Immature,aquatic,,,
8/15/2016,STAC,leaf pack,2,summer,5,Lepidostomatidae,47,Immature,aquatic,,,
8/15/2016,STAC,leaf pack,2,summer,5,Trichoptera,18,Immature,aquatic,,,
8/15/2016,STAC,leaf pack,2,summer,5,Elmidae,5,Immature,aquatic,,,
8/15/2016,STAC,leaf pack,2,summer,5,Elmidae,1,Adult,aquatic,,,
8/15/2016,STAC,leaf pack,2,summer,5,Hydrophilidae,1,Adult,aquatic,,,
8/15/2016,STAC,leaf pack,2,summer,5,Empididae,5,Immature,aquatic,,,
8/15/2016,STAC,leaf pack,2,summer,5,Dixidae,2,Immature,aquatic,,,
8/15/2016,STAC,leaf pack,2,summer,5,Tabanidae,1,Immature,aquatic,,,
8/15/2016,STAC,leaf pack,2,summer,5,Limoniidae,9,Immature,aquatic,,,
8/15/2016,STAC,leaf pack,2,summer,5,Ceratopogonidae,3,Immature,aquatic,,,
8/15/2016,STAC,leaf pack,2,summer,5,Tipulidae,4,Immature,intermediate,,,
8/15/2016,STAC,leaf pack,2,summer,5,Plecoptera,1,Adult,aquatic,,,
8/15/2016,STAC,leaf pack,2,summer,5,Peltoperlidae,121,Immature,aquatic,,,
8/15/2016,STAC,leaf pack,2,summer,5,Annelida,2,Undetermined,terrestrial,,,
8/15/2016,STAC,leaf pack,2,summer,5,Chironomidae,57,Immature,aquatic,,,
10/23/2016,SGL 221,leaf pack,3,fall,1,Gomphidae,3,Immature,aquatic,,,
10/23/2016,SGL 221,leaf pack,3,fall,1,Tipulidae,3,Immature,intermediate,,,
10/23/2016,SGL 221,leaf pack,3,fall,1,Odontoceridae,5,Immature,aquatic,,,
10/23/2016,SGL 221,leaf pack,3,fall,1,Acari,13,Undetermined,terrestrial,,,
10/23/2016,SGL 221,leaf pack,3,fall,1,Peltoperlidae,4,Immature,aquatic,,,
10/23/2016,SGL 221,leaf pack,3,fall,1,Plecoptera,1,Immature,aquatic,,,
10/23/2016,SGL 221,leaf pack,3,fall,1,Ephemeroptera,9,Immature,aquatic,,,
10/23/2016,SGL 221,leaf pack,3,fall,1,Chironomidae,7,Immature,aquatic,,,
10/23/2016,SGL 221,leaf pack,3,fall,1,Ceratopogonidae,3,Immature,aquatic,,,
10/23/2016,SGL 221,leaf pack,3,fall,1,Trichoptera,8,Immature,aquatic,,,
10/23/2016,SGL 221,leaf pack,3,fall,1,Elmidae,1,Immature,aquatic,,,
10/23/2016,SGL 221,leaf pack,3,fall,1,Psychodidae,3,Immature,intermediate,,,
10/23/2016,SGL 221,leaf pack,3,fall,2,Odontoceridae,6,Immature,aquatic,,,
10/23/2016,SGL 221,leaf pack,3,fall,2,Acari,52,Undetermined,terrestrial,,,
10/23/2016,SGL 221,leaf pack,3,fall,2,Trichoptera,2,Immature,aquatic,,,
10/23/2016,SGL 221,leaf pack,3,fall,2,Elmidae,1,Adult,aquatic,,,
10/23/2016,SGL 221,leaf pack,3,fall,2,Tipulidae,1,Immature,intermediate,,,
10/23/2016,SGL 221,leaf pack,3,fall,2,Ceratopogonidae,1,Immature,aquatic,,,
10/23/2016,SGL 221,leaf pack,3,fall,2,Ephemeroptera,2,Immature,aquatic,,,
10/23/2016,SGL 221,leaf pack,3,fall,2,Plecoptera,1,Immature,aquatic,,,
10/23/2016,SGL 221,leaf pack,3,fall,2,Collembola,1,Undetermined,terrestrial,,,
10/23/2016,SGL 221,leaf pack,3,fall,3,Acari,188,Undetermined,terrestrial,,,
10/23/2016,SGL 221,leaf pack,3,fall,3,Pseudoscorpiones,1,Undetermined,terrestrial,,,
10/23/2016,SGL 221,leaf pack,3,fall,3,Araneae,1,Undetermined,terrestrial,,,
10/23/2016,SGL 221,leaf pack,3,fall,3,Tipulidae,1,Immature,intermediate,,,
10/23/2016,SGL 221,leaf pack,3,fall,3,Sciaridae,1,Immature,terrestrial,,,
10/23/2016,SGL 221,leaf pack,3,fall,3,Psychodidae,3,Immature,intermediate,,,
10/23/2016,SGL 221,leaf pack,3,fall,3,Chironomidae,7,Immature,aquatic,,,
10/23/2016,SGL 221,leaf pack,3,fall,3,Ceratopogonidae,4,Immature,aquatic,,,
10/23/2016,SGL 221,leaf pack,3,fall,3,Trichoptera,3,Immature,aquatic,,,
10/23/2016,SGL 221,leaf pack,3,fall,3,Empididae,2,Immature,aquatic,,,
10/23/2016,SGL 221,leaf pack,3,fall,3,Cecidomyiidae,1,Immature,terrestrial,,,
10/23/2016,SGL 221,leaf pack,3,fall,3,Collembola,6,Undetermined,terrestrial,,,
10/23/2016,SGL 221,leaf pack,3,fall,4,Gomphidae,1,Immature,aquatic,,,
10/23/2016,SGL 221,leaf pack,3,fall,4,Odontoceridae,8,Immature,aquatic,,,
10/23/2016,SGL 221,leaf pack,3,fall,4,Peltoperlidae,9,Immature,aquatic,,,
10/23/2016,SGL 221,leaf pack,3,fall,4,Trichoptera,6,Immature,aquatic,,,
10/23/2016,SGL 221,leaf pack,3,fall,4,Collembola,1,Undetermined,terrestrial,,,
10/23/2016,SGL 221,leaf pack,3,fall,4,Elmidae,1,Immature,aquatic,,,
10/23/2016,SGL 221,leaf pack,3,fall,4,Acari,26,Undetermined,terrestrial,,,
10/23/2016,SGL 221,leaf pack,3,fall,4,Chironomidae,1,Adult,aquatic,,,
10/23/2016,SGL 221,leaf pack,3,fall,4,Plecoptera,3,Immature,aquatic,,,
10/23/2016,SGL 221,leaf pack,3,fall,4,Psychodidae,3,Immature,intermediate,,,
10/23/2016,SGL 221,leaf pack,3,fall,5,Tipulidae,1,Immature,intermediate,,,
10/23/2016,SGL 221,leaf pack,3,fall,5,Odontoceridae,3,Immature,aquatic,,,
10/23/2016,SGL 221,leaf pack,3,fall,5,Ephemeroptera,3,Immature,aquatic,,,
10/23/2016,SGL 221,leaf pack,3,fall,5,Trichoptera,10,Immature,aquatic,,,
10/23/2016,SGL 221,leaf pack,3,fall,5,Peltoperlidae,10,Immature,aquatic,,,
10/23/2016,SGL 221,leaf pack,3,fall,5,Acari,7,Undetermined,terrestrial,,,
10/23/2016,SGL 221,leaf pack,3,fall,5,Collembola,2,Undetermined,terrestrial,,,
10/23/2016,SGL 221,leaf pack,3,fall,5,Chironomidae,3,Immature,aquatic,,,
10/23/2016,SGL 221,leaf pack,3,fall,5,Plecoptera,2,Immature,aquatic,,,
10/23/2016,SGL 221,leaf pack,3,fall,5,Ceratopogonidae,1,Immature,aquatic,,,
10/23/2016,SGL 221,leaf pack,3,fall,5,Empididae,1,Immature,aquatic,,,
10/23/2016,SGL 221,leaf pack,3,fall,5,Copepoda,1,Undetermined,aquatic,,,
10/28/2016,SGL 221,leaf litter,3,fall,1,Acari,22,Undetermined,terrestrial,,,
10/28/2016,SGL 221,leaf litter,3,fall,1,Staphylinidae,1,Adult,terrestrial,,,
10/28/2016,SGL 221,leaf litter,3,fall,1,Collembola,9,Undetermined,terrestrial,,,
10/28/2016,SGL 221,leaf litter,3,fall,1,Aphididae,1,Immature,terrestrial,,,
10/28/2016,SGL 221,leaf litter,3,fall,1,Cecidomyiidae,1,Immature,terrestrial,,,
10/28/2016,SGL 221,leaf litter,3,fall,2,Acari,7,Undetermined,terrestrial,,,
10/28/2016,SGL 221,leaf litter,3,fall,2,Collembola,1,Undetermined,terrestrial,,,
10/28/2016,SGL 221,leaf litter,3,fall,2,Cecidomyiidae,2,Immature,terrestrial,,,
10/28/2016,SGL 221,leaf litter,3,fall,2,Staphylinidae,1,Adult,terrestrial,,,
10/28/2016,SGL 221,leaf litter,3,fall,3,Acari,7,Undetermined,terrestrial,,,
10/28/2016,SGL 221,leaf litter,3,fall,3,Collembola,6,Undetermined,terrestrial,,,
10/28/2016,SGL 221,leaf litter,3,fall,3,Diplopoda,1,Undetermined,terrestrial,,,
10/28/2016,SGL 221,leaf litter,3,fall,4,Acari,21,Undetermined,terrestrial,,,
10/28/2016,SGL 221,leaf litter,3,fall,4,Collembola,13,Undetermined,terrestrial,,,
10/28/2016,SGL 221,leaf litter,3,fall,4,Gastropoda,1,Undetermined,terrestrial,,,
10/28/2016,SGL 221,leaf litter,3,fall,4,Thysanoptera,1,Adult,terrestrial,,,
10/28/2016,SGL 221,leaf litter,3,fall,4,Cecidomyiidae,1,Immature,terrestrial,,,
10/28/2016,SGL 221,leaf litter,3,fall,5,Acari,4,Undetermined,terrestrial,,,
10/28/2016,SGL 221,leaf litter,3,fall,5,Rhyparochromidae,1,Adult,terrestrial,,,
10/28/2016,SGL 221,leaf litter,3,fall,5,Cecidomyiidae,1,Immature,terrestrial,,,
10/26/2016,STAC,leaf litter,3,fall,1,Acari,6,Undetermined,terrestrial,,,
10/26/2016,STAC,leaf litter,3,fall,1,Collembola,3,Undetermined,terrestrial,,,
10/26/2016,STAC,leaf litter,3,fall,2,Acari,179,Undetermined,terrestrial,,,
10/26/2016,STAC,leaf litter,3,fall,2,Cecidomyiidae,1,Immature,terrestrial,,,
10/26/2016,STAC,leaf litter,3,fall,3,Acari,362,Undetermined,terrestrial,,,
10/26/2016,STAC,leaf litter,3,fall,3,Collembola,3,Undetermined,terrestrial,,,
10/26/2016,STAC,leaf litter,3,fall,4,Collembola,1,Undetermined,terrestrial,,,
10/26/2016,STAC,leaf litter,3,fall,4,Acari,136,Undetermined,terrestrial,,,
10/26/2016,STAC,leaf litter,3,fall,4,Thysanoptera,1,Adult,terrestrial,,,
10/26/2016,STAC,leaf litter,3,fall,4,Carabidae,1,Adult,terrestrial,,,
10/26/2016,STAC,leaf litter,3,fall,5,Acari,188,Undetermined,terrestrial,,,
10/26/2016,STAC,leaf litter,3,fall,5,Collembola,31,Undetermined,terrestrial,,,
10/26/2016,STAC,leaf litter,3,fall,5,Staphylinidae,2,Adult,terrestrial,,,
10/26/2016,STAC,leaf litter,3,fall,5,Staphylinidae,1,Immature,terrestrial,,,
10/26/2016,STAC,leaf litter,3,fall,5,Diptera,1,Immature,intermediate,,,
10/26/2016,STAC,leaf litter,3,fall,5,Cantharidae,1,Immature,terrestrial,,,
10/26/2016,STAC,leaf litter,3,fall,5,Araneae,1,Undetermined,terrestrial,,,
10/23/2016,STAC,leaf pack,3,fall,1,Annelida,2,Undetermined,terrestrial,,,
10/23/2016,STAC,leaf pack,3,fall,1,Tipulidae,15,Immature,intermediate,,,
10/23/2016,STAC,leaf pack,3,fall,1,Trichoptera,3,Immature,aquatic,,,
10/23/2016,STAC,leaf pack,3,fall,1,Coleoptera,1,Immature,terrestrial,,,
10/23/2016,STAC,leaf pack,3,fall,1,Copepoda,1,Undetermined,aquatic,,,
10/23/2016,STAC,leaf pack,3,fall,1,Empididae,2,Immature,aquatic,,,
10/23/2016,STAC,leaf pack,3,fall,1,Ceratopogonidae,2,Immature,aquatic,,,
10/23/2016,STAC,leaf pack,3,fall,1,Acari,26,Undetermined,terrestrial,,,
10/23/2016,STAC,leaf pack,3,fall,1,Collembola,4,Undetermined,terrestrial,,,
10/23/2016,STAC,leaf pack,3,fall,1,Ephemeroptera,3,Immature,aquatic,,,
10/23/2016,STAC,leaf pack,3,fall,1,Plecoptera,2,Immature,aquatic,,,
10/23/2016,STAC,leaf pack,3,fall,1,Elmidae,7,Immature,aquatic,,,
10/23/2016,STAC,leaf pack,3,fall,1,Chironomidae,2,Immature,aquatic,,,
10/23/2016,STAC,leaf pack,3,fall,1,Dixidae,2,Immature,aquatic,,,
10/23/2016,STAC,leaf pack,3,fall,2,Tipulidae,3,Immature,intermediate,,,
10/23/2016,STAC,leaf pack,3,fall,2,Trichoptera,20,Immature,aquatic,,,
10/23/2016,STAC,leaf pack,3,fall,2,Collembola,8,Undetermined,terrestrial,,,
10/23/2016,STAC,leaf pack,3,fall,2,Ephemeroptera,1,Immature,aquatic,,,
10/23/2016,STAC,leaf pack,3,fall,2,Chironomidae,3,Immature,aquatic,,,
10/23/2016,STAC,leaf pack,3,fall,2,Elateridae,1,Immature,terrestrial,,,
10/23/2016,STAC,leaf pack,3,fall,2,Acari,18,Undetermined,terrestrial,,,
10/23/2016,STAC,leaf pack,3,fall,2,Ceratopogonidae,1,Immature,aquatic,,,
10/23/2016,STAC,leaf pack,3,fall,3,Tipulidae,15,Immature,intermediate,,,
10/23/2016,STAC,leaf pack,3,fall,3,Plethodontidae,1,Immature,aquatic,,,
10/23/2016,STAC,leaf pack,3,fall,3,Collembola,6,Undetermined,terrestrial,,,
10/23/2016,STAC,leaf pack,3,fall,3,Peltoperlidae,2,Immature,aquatic,,,
10/23/2016,STAC,leaf pack,3,fall,3,Acari,6,Undetermined,terrestrial,,,
10/23/2016,STAC,leaf pack,3,fall,3,Ephemeroptera,2,Immature,aquatic,,,
10/23/2016,STAC,leaf pack,3,fall,3,Plecoptera,5,Immature,aquatic,,,
10/23/2016,STAC,leaf pack,3,fall,3,Chironomidae,3,Immature,aquatic,,,
10/23/2016,STAC,leaf pack,3,fall,3,Hydropsychidae,1,Immature,aquatic,,,
10/23/2016,STAC,leaf pack,3,fall,3,Trichoptera,2,Immature,aquatic,,,
10/23/2016,STAC,leaf pack,3,fall,3,Ceratopogonidae,4,Immature,aquatic,,,
10/23/2016,STAC,leaf pack,3,fall,3,Copepoda,4,Undetermined,aquatic,,,
10/23/2016,STAC,leaf pack,3,fall,3,Archaeognatha,2,Undetermined,aquatic,,,
10/23/2016,STAC,leaf pack,3,fall,3,Elmidae,2,Immature,aquatic,,,
10/23/2016,STAC,leaf pack,3,fall,3,Cecidomyiidae,4,Immature,terrestrial,,,
10/23/2016,STAC,leaf pack,3,fall,4,Tipulidae,2,Immature,intermediate,,,
10/23/2016,STAC,leaf pack,3,fall,4,Peltoperlidae,1,Immature,aquatic,,,
10/23/2016,STAC,leaf pack,3,fall,4,Acari,15,Undetermined,terrestrial,,,
10/23/2016,STAC,leaf pack,3,fall,4,Dixidae,1,Immature,aquatic,,,
10/23/2016,STAC,leaf pack,3,fall,4,Chironomidae,1,Immature,aquatic,,,
10/23/2016,STAC,leaf pack,3,fall,4,Ephemeroptera,1,Immature,aquatic,,,
10/23/2016,STAC,leaf pack,3,fall,4,Collembola,33,Undetermined,terrestrial,,,
10/23/2016,STAC,leaf pack,3,fall,4,Elmidae,1,Immature,aquatic,,,
10/23/2016,STAC,leaf pack,3,fall,4,Trichoptera,12,Immature,aquatic,,,
10/23/2016,STAC,leaf pack,3,fall,4,Ceratopogonidae,3,Immature,aquatic,,,
10/23/2016,STAC,leaf pack,3,fall,5,Acari,115,Undetermined,terrestrial,,,
10/23/2016,STAC,leaf pack,3,fall,5,Annelida,1,Undetermined,terrestrial,,,
10/23/2016,STAC,leaf pack,3,fall,5,Chironomidae,2,Immature,aquatic,,,
10/23/2016,STAC,leaf pack,3,fall,5,Dixidae,4,Immature,aquatic,,,
10/23/2016,STAC,leaf pack,3,fall,5,Collembola,60,Undetermined,terrestrial,,,
10/23/2016,STAC,leaf pack,3,fall,5,Ceratopogonidae,8,Immature,aquatic,,,
10/23/2016,STAC,leaf pack,3,fall,5,Peltoperlidae,1,Immature,aquatic,,,
10/23/2016,STAC,leaf pack,3,fall,5,Pseudoscorpiones,2,Undetermined,terrestrial,,,
10/23/2016,STAC,leaf pack,3,fall,5,Diptera,1,Immature,intermediate,,,
10/23/2016,STAC,leaf pack,3,fall,5,Elmidae,6,Immature,aquatic,,,
10/23/2016,STAC,leaf pack,3,fall,5,Cecidomyiidae,7,Immature,terrestrial,,,
10/23/2016,STAC,leaf pack,3,fall,5,Chalcidoidea,1,Adult,terrestrial,,,
10/23/2016,STAC,leaf pack,3,fall,5,Coleoptera,1,Adult,terrestrial,,,
10/23/2016,STAC,leaf pack,3,fall,5,Hymenoptera,1,Adult,terrestrial,,,
10/23/2016,STAC,leaf pack,3,fall,5,Ephemeroptera,2,Immature,aquatic,,,
10/23/2016,STAC,leaf pack,3,fall,5,Plecoptera,1,Immature,aquatic,,,
10/23/2016,STAC,leaf pack,3,fall,5,Hydroptilidae,3,Immature,aquatic,,,
10/23/2016,STAC,leaf pack,3,fall,5,Odontoceridae,1,Immature,aquatic,,,
10/23/2016,STAC,leaf pack,3,fall,5,Trichoptera,11,Immature,aquatic,,,
5/22/2017,SGL 221,leaf pack,4,spring,1,Sciaridae,2,Adult,intermediate,,,
5/22/2017,SGL 221,leaf pack,4,spring,1,Trichoptera,11,Immature,aquatic,,,
5/22/2017,SGL 221,leaf pack,4,spring,1,Plecoptera,5,Immature,aquatic,,,
5/22/2017,SGL 221,leaf pack,4,spring,1,Dermestidae,1,Adult,aquatic,,,
5/22/2017,SGL 221,leaf pack,4,spring,1,Peltoperlidae,3,Immature,aquatic,,,
5/22/2017,SGL 221,leaf pack,4,spring,1,Ephemeroptera,2,Immature,aquatic,,,
5/22/2017,SGL 221,leaf pack,4,spring,1,Limoniidae,1,Immature,aquatic,,,
5/22/2017,SGL 221,leaf pack,4,spring,2,Peltoperlidae,14,Immature,aquatic,,,
5/22/2017,SGL 221,leaf pack,4,spring,2,Trichoptera,13,Immature,aquatic,,,
5/22/2017,SGL 221,leaf pack,4,spring,2,Lepidostomatidae,3,Immature,aquatic,,,
5/22/2017,SGL 221,leaf pack,4,spring,2,Ephemeroptera,1,Immature,aquatic,,,
5/22/2017,SGL 221,leaf pack,4,spring,2,Plecoptera,6,Immature,aquatic,,,
5/22/2017,SGL 221,leaf pack,4,spring,2,Pteronarcyidae,1,Immature,aquatic,,,
5/22/2017,SGL 221,leaf pack,4,spring,2,Staphylinidae,1,Immature,terrestrial,,,
5/22/2017,SGL 221,leaf pack,4,spring,3,Collembola,8,Undetermined,terrestrial,,,
5/22/2017,SGL 221,leaf pack,4,spring,3,Copepoda,1,Undetermined,aquatic,,,
5/22/2017,SGL 221,leaf pack,4,spring,3,Pteronarcyidae,1,Immature,aquatic,,,
5/22/2017,SGL 221,leaf pack,4,spring,3,Trichoptera,2,Immature,aquatic,,,
5/22/2017,SGL 221,leaf pack,4,spring,3,Chironomidae,8,Immature,aquatic,,,
5/22/2017,SGL 221,leaf pack,4,spring,3,Ephemeroptera,1,Immature,aquatic,,,
5/22/2017,SGL 221,leaf pack,4,spring,3,Plecoptera,1,Adult,aquatic,,,
5/22/2017,SGL 221,leaf pack,4,spring,3,Plecoptera,2,Immature,aquatic,,,
5/22/2017,SGL 221,leaf pack,4,spring,4,Peltoperlidae,3,Immature,aquatic,,,
5/22/2017,SGL 221,leaf pack,4,spring,4,Trichoptera,17,Immature,aquatic,,,
5/22/2017,SGL 221,leaf pack,4,spring,4,Plecoptera,1,Adult,aquatic,,,
5/22/2017,SGL 221,leaf pack,4,spring,4,Plecoptera,7,Immature,aquatic,,,
5/22/2017,SGL 221,leaf pack,4,spring,4,Chironomidae,5,Immature,aquatic,,,
5/22/2017,SGL 221,leaf pack,4,spring,4,Hydrophilidae,1,Adult,aquatic,,,
5/22/2017,SGL 221,leaf pack,4,spring,4,Collembola,2,Undetermined,terrestrial,,,
5/22/2017,SGL 221,leaf pack,4,spring,4,Diptera,1,Adult,intermediate,,,
5/22/2017,SGL 221,leaf pack,4,spring,4,Ephemeroptera,1,Immature,aquatic,,,
5/22/2017,SGL 221,leaf pack,4,spring,4,Thysanoptera,2,Immature,aquatic,,,
5/22/2017,SGL 221,leaf pack,4,spring,5,Chironomidae,10,Immature,aquatic,,,
5/22/2017,SGL 221,leaf pack,4,spring,5,Ephemeroptera,1,Immature,aquatic,,,
5/22/2017,SGL 221,leaf pack,4,spring,5,Trichoptera,3,Immature,aquatic,,,
5/22/2017,SGL 221,leaf pack,4,spring,5,Lepidostomatidae,1,Immature,aquatic,,,
5/22/2017,SGL 221,leaf pack,4,spring,5,Psychodidae,1,Adult,terrestrial,,,
6/8/2017,SGL 221,leaf litter,4,spring,1,Acari,208,Undetermined,terrestrial,,,
6/8/2017,SGL 221,leaf litter,4,spring,1,Araneae,8,Undetermined,terrestrial,,,
6/8/2017,SGL 221,leaf litter,4,spring,1,Collembola,77,Undetermined,terrestrial,,,
6/8/2017,SGL 221,leaf litter,4,spring,1,Formicidae,12,Adult,terrestrial,,,
6/8/2017,SGL 221,leaf litter,4,spring,1,Staphylinidae,2,Adult,terrestrial,,,
6/8/2017,SGL 221,leaf litter,4,spring,1,Hemiptera,1,Immature,terrestrial,,,
6/8/2017,SGL 221,leaf litter,4,spring,1,Cydnidae,4,Adult,terrestrial,,,
6/8/2017,SGL 221,leaf litter,4,spring,1,Pseudoscorpiones,4,Undetermined,terrestrial,,,
6/8/2017,SGL 221,leaf litter,4,spring,1,Sciaridae,1,Adult,intermediate,,,
6/8/2017,SGL 221,leaf litter,4,spring,1,Cecidomyiidae,1,Immature,terrestrial,,,
6/8/2017,SGL 221,leaf litter,4,spring,2,Acari,71,Undetermined,terrestrial,,,
6/8/2017,SGL 221,leaf litter,4,spring,2,Staphylinidae,12,Adult,terrestrial,,,
6/8/2017,SGL 221,leaf litter,4,spring,2,Staphylinidae,1,Immature,terrestrial,,,
6/8/2017,SGL 221,leaf litter,4,spring,2,Collembola,21,Undetermined,terrestrial,,,
6/8/2017,SGL 221,leaf litter,4,spring,2,Pseudoscorpiones,2,Undetermined,terrestrial,,,
6/8/2017,SGL 221,leaf litter,4,spring,2,Formicidae,6,Adult,terrestrial,,,
6/8/2017,SGL 221,leaf litter,4,spring,2,Gastropoda,7,Undetermined,terrestrial,,,
6/8/2017,SGL 221,leaf litter,4,spring,2,Scarabaeidae,1,Adult,terrestrial,,,
6/8/2017,SGL 221,leaf litter,4,spring,2,Curculionidae,3,Adult,terrestrial,,,
6/8/2017,SGL 221,leaf litter,4,spring,2,Carabidae,1,Adult,terrestrial,,,
6/8/2017,SGL 221,leaf litter,4,spring,2,Chilopoda,2,Undetermined,terrestrial,,,
6/8/2017,SGL 221,leaf litter,4,spring,2,Elateridae,1,Adult,terrestrial,,,
6/8/2017,SGL 221,leaf litter,4,spring,2,Elateridae,1,Immature,terrestrial,,,
6/8/2017,SGL 221,leaf litter,4,spring,2,Cydnidae,1,Adult,terrestrial,,,
6/8/2017,SGL 221,leaf litter,4,spring,2,Cecidomyiidae,2,Immature,terrestrial,,,
6/8/2017,SGL 221,leaf litter,4,spring,2,Lepidoptera,2,Immature,terrestrial,,,
6/8/2017,SGL 221,leaf litter,4,spring,3,Acari,136,Undetermined,terrestrial,,,
6/8/2017,SGL 221,leaf litter,4,spring,3,Araneae,6,Undetermined,terrestrial,,,
6/8/2017,SGL 221,leaf litter,4,spring,3,Diplopoda,4,Undetermined,terrestrial,,,
6/8/2017,SGL 221,leaf litter,4,spring,3,Chilopoda,2,Undetermined,terrestrial,,,
6/8/2017,SGL 221,leaf litter,4,spring,3,Formicidae,15,Adult,terrestrial,,,
6/8/2017,SGL 221,leaf litter,4,spring,3,Collembola,55,Undetermined,terrestrial,,,
6/8/2017,SGL 221,leaf litter,4,spring,3,Staphylinidae,7,Adult,terrestrial,,,
6/8/2017,SGL 221,leaf litter,4,spring,3,Gastropoda,13,Undetermined,terrestrial,,,
6/8/2017,SGL 221,leaf litter,4,spring,3,Elateridae,1,Adult,terrestrial,,,
6/8/2017,SGL 221,leaf litter,4,spring,3,Curculionidae,7,Adult,terrestrial,,,
6/8/2017,SGL 221,leaf litter,4,spring,3,Pseudoscorpiones,4,Undetermined,terrestrial,,,
6/8/2017,SGL 221,leaf litter,4,spring,3,Heteroptera,1,Immature,terrestrial,,,
6/8/2017,SGL 221,leaf litter,4,spring,3,Cydnidae,1,Adult,terrestrial,,,
6/8/2017,SGL 221,leaf litter,4,spring,3,Mecoptera,1,Adult,terrestrial,,,
6/8/2017,SGL 221,leaf litter,4,spring,3,Chalcidoidea,1,Adult,terrestrial,,,
6/8/2017,SGL 221,leaf litter,4,spring,3,Tipulidae,1,Immature,intermediate,,,
6/8/2017,SGL 221,leaf litter,4,spring,3,Diptera,1,Adult,intermediate,,,
6/8/2017,SGL 221,leaf litter,4,spring,3,Thysanoptera,1,Adult,terrestrial,,,
6/8/2017,SGL 221,leaf litter,4,spring,3,Nematoda,1,Undetermined,terrestrial,,,
6/8/2017,SGL 221,leaf litter,4,spring,3,Annelida,2,Undetermined,terrestrial,,,
6/8/2017,SGL 221,leaf litter,4,spring,4,Acari,127,Undetermined,terrestrial,,,
6/8/2017,SGL 221,leaf litter,4,spring,4,Collembola,145,Undetermined,terrestrial,,,
6/8/2017,SGL 221,leaf litter,4,spring,4,Araneae,6,Undetermined,terrestrial,,,
6/8/2017,SGL 221,leaf litter,4,spring,4,Staphylinidae,5,Adult,terrestrial,,,
6/8/2017,SGL 221,leaf litter,4,spring,4,Scarabaeidae,1,Adult,terrestrial,,,
6/8/2017,SGL 221,leaf litter,4,spring,4,Chilopoda,4,Undetermined,terrestrial,,,
6/8/2017,SGL 221,leaf litter,4,spring,4,Formicidae,6,Adult,terrestrial,,,
6/8/2017,SGL 221,leaf litter,4,spring,4,Pseudoscorpiones,3,Undetermined,terrestrial,,,
6/8/2017,SGL 221,leaf litter,4,spring,4,Cydnidae,2,Adult,terrestrial,,,
6/8/2017,SGL 221,leaf litter,4,spring,4,Cecidomyiidae,3,Immature,terrestrial,,,
6/8/2017,SGL 221,leaf litter,4,spring,4,Gastropoda,1,Undetermined,terrestrial,,,
6/8/2017,SGL 221,leaf litter,4,spring,4,Nematoda,3,Undetermined,terrestrial,,,
6/8/2017,SGL 221,leaf litter,4,spring,4,Ceratopogonidae,3,Immature,aquatic,,,
6/8/2017,SGL 221,leaf litter,4,spring,5,Acari,161,Undetermined,terrestrial,,,
6/8/2017,SGL 221,leaf litter,4,spring,5,Araneae,13,Undetermined,terrestrial,,,
6/8/2017,SGL 221,leaf litter,4,spring,5,Collembola,27,Undetermined,terrestrial,,,
6/8/2017,SGL 221,leaf litter,4,spring,5,Chilopoda,6,Undetermined,terrestrial,,,
6/8/2017,SGL 221,leaf litter,4,spring,5,Diplopoda,1,Undetermined,terrestrial,,,
6/8/2017,SGL 221,leaf litter,4,spring,5,Chironomidae,4,Immature,aquatic,,,
6/8/2017,SGL 221,leaf litter,4,spring,5,Curculionidae,4,Adult,terrestrial,,,
6/8/2017,SGL 221,leaf litter,4,spring,5,Tipulidae,14,Immature,intermediate,,,
6/8/2017,SGL 221,leaf litter,4,spring,5,Gastropoda,6,Undetermined,terrestrial,,,
6/8/2017,SGL 221,leaf litter,4,spring,5,Elateridae,2,Immature,terrestrial,,,
6/8/2017,SGL 221,leaf litter,4,spring,5,Cydnidae,5,Adult,terrestrial,,,
6/8/2017,SGL 221,leaf litter,4,spring,5,Cydnidae,1,Immature,terrestrial,,,
6/8/2017,SGL 221,leaf litter,4,spring,5,Pseudoscorpiones,3,Undetermined,terrestrial,,,
6/8/2017,SGL 221,leaf litter,4,spring,5,Staphylinidae,3,Adult,terrestrial,,,
6/8/2017,SGL 221,leaf litter,4,spring,5,Staphylinidae,2,Immature,terrestrial,,,
6/8/2017,SGL 221,leaf litter,4,spring,5,Carabidae,1,Immature,aquatic,,,
6/8/2017,SGL 221,leaf litter,4,spring,5,Ptiliidae,2,Adult,terrestrial,,,
6/8/2017,SGL 221,leaf litter,4,spring,5,Ceratopogonidae,1,Immature,aquatic,,,
7/30/2017,SGL 221,leaf pack,5,summer,1,Pteronarcyidae,2,Immature,aquatic,,,
7/30/2017,SGL 221,leaf pack,5,summer,1,Plecoptera,20,Immature,aquatic,,,
7/30/2017,SGL 221,leaf pack,5,summer,1,Perlodidae,2,Immature,aquatic,,,
7/30/2017,SGL 221,leaf pack,5,summer,1,Leuctridae,1,Immature,aquatic,,,
7/30/2017,SGL 221,leaf pack,5,summer,1,Plethodontidae,2,Immature,aquatic,,,
7/30/2017,SGL 221,leaf pack,5,summer,1,Lepidostomatidae,28,Immature,aquatic,,,
7/30/2017,SGL 221,leaf pack,5,summer,1,Odontoceridae,2,Immature,aquatic,,,
7/30/2017,SGL 221,leaf pack,5,summer,1,Gomphidae,1,Immature,aquatic,,,
7/30/2017,SGL 221,leaf pack,5,summer,1,Collembola,1,Undetermined,terrestrial,,,
7/30/2017,SGL 221,leaf pack,5,summer,1,Psychodidae,2,Immature,intermediate,,,
7/30/2017,SGL 221,leaf pack,5,summer,1,Peltoperlidae,11,Immature,aquatic,,,
7/30/2017,SGL 221,leaf pack,5,summer,1,Chironomidae,34,Immature,aquatic,,,
7/30/2017,SGL 221,leaf pack,5,summer,1,Chironomidae,1,Adult,aquatic,,,
7/30/2017,SGL 221,leaf pack,5,summer,1,Ephemeroptera,7,Immature,aquatic,,,
7/30/2017,SGL 221,leaf pack,5,summer,1,Empididae,2,Immature,aquatic,,,
7/30/2017,SGL 221,leaf pack,5,summer,1,Ceratopogonidae,1,Immature,aquatic,,,
7/30/2017,SGL 221,leaf pack,5,summer,1,Dixidae,1,Immature,aquatic,,,
7/30/2017,SGL 221,leaf pack,5,summer,2,Elmidae,1,Immature,aquatic,,,
7/30/2017,SGL 221,leaf pack,5,summer,2,Pteronarcyidae,11,Immature,aquatic,,,
7/30/2017,SGL 221,leaf pack,5,summer,2,Perlidae,1,Immature,aquatic,,,
7/30/2017,SGL 221,leaf pack,5,summer,2,Perlodidae,4,Immature,aquatic,,,
7/30/2017,SGL 221,leaf pack,5,summer,2,Simuliidae,1,Immature,aquatic,,,
7/30/2017,SGL 221,leaf pack,5,summer,2,Limoniidae,1,Immature,aquatic,,,
7/30/2017,SGL 221,leaf pack,5,summer,2,Trichoptera,9,Immature,aquatic,,,
7/30/2017,SGL 221,leaf pack,5,summer,2,Empididae,1,Immature,aquatic,,,
7/30/2017,SGL 221,leaf pack,5,summer,2,Cecidomyiidae,1,Immature,terrestrial,,,
7/30/2017,SGL 221,leaf pack,5,summer,2,Peltoperlidae,183,Immature,aquatic,,,
7/30/2017,SGL 221,leaf pack,5,summer,2,Collembola,37,Undetermined,terrestrial,,,
7/30/2017,SGL 221,leaf pack,5,summer,2,Chironomidae,9,Immature,aquatic,,,
7/30/2017,SGL 221,leaf pack,5,summer,2,Chironomidae,1,Adult,aquatic,,,
7/30/2017,SGL 221,leaf pack,5,summer,2,Lepidostomatidae,11,Immature,aquatic,,,
7/30/2017,SGL 221,leaf pack,5,summer,2,Gomphidae,1,Immature,aquatic,,,
7/30/2017,SGL 221,leaf pack,5,summer,2,Ephemeroptera,1,Immature,aquatic,,,
7/30/2017,SGL 221,leaf pack,5,summer,2,Dixidae,4,Immature,aquatic,,,
7/30/2017,SGL 221,leaf pack,5,summer,2,Acari,5,Undetermined,terrestrial,,,
7/30/2017,SGL 221,leaf pack,5,summer,3,Lepidostomatidae,2,Immature,aquatic,,,
7/30/2017,SGL 221,leaf pack,5,summer,3,Odontoceridae,2,Immature,aquatic,,,
7/30/2017,SGL 221,leaf pack,5,summer,3,Rhyacophilidae,1,Immature,aquatic,,,
7/30/2017,SGL 221,leaf pack,5,summer,3,Chironomidae,11,Immature,aquatic,,,
7/30/2017,SGL 221,leaf pack,5,summer,3,Ephemeroptera,5,Immature,aquatic,,,
7/30/2017,SGL 221,leaf pack,5,summer,3,Pteronarcyidae,1,Immature,aquatic,,,
7/30/2017,SGL 221,leaf pack,5,summer,3,Leuctridae,3,Immature,aquatic,,,
7/30/2017,SGL 221,leaf pack,5,summer,3,Chironomidae,17,Immature,aquatic,,,
7/30/2017,SGL 221,leaf pack,5,summer,3,Lepidoptera,1,Immature,terrestrial,,,
7/30/2017,SGL 221,leaf pack,5,summer,3,Ephemeroptera,3,Immature,aquatic,,,
7/30/2017,SGL 221,leaf pack,5,summer,4,Plethodontidae,1,Immature,aquatic,,,
7/30/2017,SGL 221,leaf pack,5,summer,4,Pteronarcyidae,8,Immature,aquatic,,,
7/30/2017,SGL 221,leaf pack,5,summer,4,Perlidae,1,Immature,aquatic,,,
7/30/2017,SGL 221,leaf pack,5,summer,4,Perlodidae,9,Immature,aquatic,,,
7/30/2017,SGL 221,leaf pack,5,summer,4,Lepidostomatidae,11,Immature,aquatic,,,
7/30/2017,SGL 221,leaf pack,5,summer,4,Peltoperlidae,27,Immature,aquatic,,,
7/30/2017,SGL 221,leaf pack,5,summer,4,Elmidae,1,Adult,aquatic,,,
7/30/2017,SGL 221,leaf pack,5,summer,4,Dixidae,1,Immature,aquatic,,,
7/30/2017,SGL 221,leaf pack,5,summer,4,Chironomidae,5,Immature,aquatic,,,
7/30/2017,SGL 221,leaf pack,5,summer,4,Collembola,5,Undetermined,terrestrial,,,
7/30/2017,SGL 221,leaf pack,5,summer,4,Cecidomyiidae,1,Immature,terrestrial,,,
7/30/2017,SGL 221,leaf pack,5,summer,4,Gastropoda,1,Undetermined,terrestrial,,,
7/30/2017,SGL 221,leaf pack,5,summer,4,Acari,2,Undetermined,terrestrial,,,
7/30/2017,SGL 221,leaf pack,5,summer,4,Empididae,5,Immature,aquatic,,,
7/30/2017,SGL 221,leaf pack,5,summer,5,Plecoptera,4,Immature,aquatic,,,
7/30/2017,SGL 221,leaf pack,5,summer,5,Pteronarcyidae,9,Immature,aquatic,,,
7/30/2017,SGL 221,leaf pack,5,summer,5,Perlodidae,3,Immature,aquatic,,,
7/30/2017,SGL 221,leaf pack,5,summer,5,Plethodontidae,1,Immature,aquatic,,,
7/30/2017,SGL 221,leaf pack,5,summer,5,Gomphidae,2,Immature,aquatic,,,
7/30/2017,SGL 221,leaf pack,5,summer,5,Tipulidae,3,Immature,intermediate,,,
7/30/2017,SGL 221,leaf pack,5,summer,5,Trichoptera,5,Immature,aquatic,,,
7/30/2017,SGL 221,leaf pack,5,summer,5,Lepidostomatidae,8,Immature,aquatic,,,
7/30/2017,SGL 221,leaf pack,5,summer,5,Peltoperlidae,91,Immature,aquatic,,,
7/30/2017,SGL 221,leaf pack,5,summer,5,Chironomidae,5,Immature,aquatic,,,
7/30/2017,SGL 221,leaf pack,5,summer,5,Collembola,12,Undetermined,terrestrial,,,
7/30/2017,SGL 221,leaf pack,5,summer,5,Dixidae,1,Immature,aquatic,,,
7/30/2017,SGL 221,leaf pack,5,summer,5,Acari,2,Undetermined,terrestrial,,,
7/30/2017,SGL 221,leaf pack,5,summer,5,Psychodidae,2,Immature,intermediate,,,
7/30/2017,SGL 221,leaf pack,5,summer,5,Empididae,5,Immature,aquatic,,,
7/30/2017,SGL 221,leaf pack,5,summer,5,Ceratopogonidae,1,Immature,aquatic,,,
8/3/2017,SGL 221,leaf litter,5,summer,1,Acari,400,Undetermined,terrestrial,,,
8/3/2017,SGL 221,leaf litter,5,summer,1,Collembola,39,Undetermined,terrestrial,,,
8/3/2017,SGL 221,leaf litter,5,summer,1,Araneae,1,Undetermined,terrestrial,,,
8/3/2017,SGL 221,leaf litter,5,summer,1,Gastropoda,1,Undetermined,terrestrial,,,
8/3/2017,SGL 221,leaf litter,5,summer,1,Diplopoda,2,Undetermined,terrestrial,,,
8/3/2017,SGL 221,leaf litter,5,summer,1,Chilopoda,1,Undetermined,terrestrial,,,
8/3/2017,SGL 221,leaf litter,5,summer,1,Pseudoscorpiones,5,Undetermined,terrestrial,,,
8/3/2017,SGL 221,leaf litter,5,summer,1,Chironomidae,2,Immature,aquatic,,,
8/3/2017,SGL 221,leaf litter,5,summer,1,Staphylinidae,5,Immature,terrestrial,,,
8/3/2017,SGL 221,leaf litter,5,summer,1,Lepidoptera,3,Immature,terrestrial,,,
8/3/2017,SGL 221,leaf litter,5,summer,1,Coleoptera,1,Adult,terrestrial,,,
8/3/2017,SGL 221,leaf litter,5,summer,1,Formicidae,2,Adult,terrestrial,,,
8/3/2017,SGL 221,leaf litter,5,summer,1,Staphylinidae,3,Adult,terrestrial,,,
8/3/2017,SGL 221,leaf litter,5,summer,1,Diptera,1,Immature,intermediate,,,
8/3/2017,SGL 221,leaf litter,5,summer,1,Phoridae,1,Adult,terrestrial,,,
8/3/2017,SGL 221,leaf litter,5,summer,1,Hemiptera,1,Immature,terrestrial,,,
8/3/2017,SGL 221,leaf litter,5,summer,1,Cecidomyiidae,1,Immature,terrestrial,,,
8/3/2017,SGL 221,leaf litter,5,summer,1,Psocoptera,2,Immature,terrestrial,,,
8/3/2017,SGL 221,leaf litter,5,summer,2,Acari,400,Undetermined,terrestrial,,,
8/3/2017,SGL 221,leaf litter,5,summer,2,Collembola,45,Undetermined,terrestrial,,,
8/3/2017,SGL 221,leaf litter,5,summer,2,Chironomidae,1,Immature,aquatic,,,
8/3/2017,SGL 221,leaf litter,5,summer,2,Araneae,4,Undetermined,terrestrial,,,
8/3/2017,SGL 221,leaf litter,5,summer,2,Diplopoda,2,Undetermined,terrestrial,,,
8/3/2017,SGL 221,leaf litter,5,summer,2,Chilopoda,2,Undetermined,terrestrial,,,
8/3/2017,SGL 221,leaf litter,5,summer,2,Heteroptera,5,Immature,terrestrial,,,
8/3/2017,SGL 221,leaf litter,5,summer,2,Chalcidoidea,2,Adult,terrestrial,,,
8/3/2017,SGL 221,leaf litter,5,summer,2,Ceratopogonidae,2,Immature,aquatic,,,
8/3/2017,SGL 221,leaf litter,5,summer,2,Diptera,1,Immature,intermediate,,,
8/3/2017,SGL 221,leaf litter,5,summer,2,Elateridae,3,Immature,terrestrial,,,
8/3/2017,SGL 221,leaf litter,5,summer,2,Staphylinidae,3,Adult,terrestrial,,,
8/3/2017,SGL 221,leaf litter,5,summer,2,Pseudoscorpiones,10,Undetermined,terrestrial,,,
8/3/2017,SGL 221,leaf litter,5,summer,2,Lepidoptera,2,Immature,terrestrial,,,
8/3/2017,SGL 221,leaf litter,5,summer,2,Nematoda,3,Undetermined,terrestrial,,,
8/3/2017,SGL 221,leaf litter,5,summer,2,Gastropoda,1,Undetermined,terrestrial,,,
8/3/2017,SGL 221,leaf litter,5,summer,2,Cecidomyiidae,1,Adult,terrestrial,,,
8/3/2017,SGL 221,leaf litter,5,summer,2,Phoridae,2,Adult,terrestrial,,,
8/3/2017,SGL 221,leaf litter,5,summer,3,Acari,400,Undetermined,terrestrial,,,
8/3/2017,SGL 221,leaf litter,5,summer,3,Collembola,34,Undetermined,terrestrial,,,
8/3/2017,SGL 221,leaf litter,5,summer,3,Diplopoda,2,Undetermined,terrestrial,,,
8/3/2017,SGL 221,leaf litter,5,summer,3,Chilopoda,2,Undetermined,terrestrial,,,
8/3/2017,SGL 221,leaf litter,5,summer,3,Gastropoda,3,Undetermined,terrestrial,,,
8/3/2017,SGL 221,leaf litter,5,summer,3,Staphylinidae,12,Adult,terrestrial,,,
8/3/2017,SGL 221,leaf litter,5,summer,3,Pseudoscorpiones,7,Undetermined,terrestrial,,,
8/3/2017,SGL 221,leaf litter,5,summer,3,Araneae,8,Undetermined,terrestrial,,,
8/3/2017,SGL 221,leaf litter,5,summer,3,Chironomidae,1,Immature,aquatic,,,
8/3/2017,SGL 221,leaf litter,5,summer,3,Staphylinidae,1,Immature,terrestrial,,,
8/3/2017,SGL 221,leaf litter,5,summer,3,Lepidoptera,1,Immature,terrestrial,,,
8/3/2017,SGL 221,leaf litter,5,summer,3,Chalcidoidea,1,Adult,terrestrial,,,
8/3/2017,SGL 221,leaf litter,5,summer,3,Diptera,1,Immature,intermediate,,,
8/3/2017,SGL 221,leaf litter,5,summer,3,Heteroptera,1,Immature,terrestrial,,,
8/3/2017,SGL 221,leaf litter,5,summer,3,Cecidomyiidae,3,Immature,terrestrial,,,
8/3/2017,SGL 221,leaf litter,5,summer,4,Acari,400,Undetermined,terrestrial,,,
8/3/2017,SGL 221,leaf litter,5,summer,4,Collembola,34,Undetermined,terrestrial,,,
8/3/2017,SGL 221,leaf litter,5,summer,4,Chilopoda,3,Undetermined,terrestrial,,,
8/3/2017,SGL 221,leaf litter,5,summer,4,Heteroptera,1,Immature,terrestrial,,,
8/3/2017,SGL 221,leaf litter,5,summer,4,Curculionidae,2,Adult,terrestrial,,,
8/3/2017,SGL 221,leaf litter,5,summer,4,Araneae,8,Undetermined,terrestrial,,,
8/3/2017,SGL 221,leaf litter,5,summer,4,Lepidoptera,5,Immature,terrestrial,,,
8/3/2017,SGL 221,leaf litter,5,summer,4,Formicidae,1,Adult,terrestrial,,,
8/3/2017,SGL 221,leaf litter,5,summer,4,Pseudoscorpiones,2,Undetermined,terrestrial,,,
8/3/2017,SGL 221,leaf litter,5,summer,4,Cecidomyiidae,5,Immature,terrestrial,,,
8/3/2017,SGL 221,leaf litter,5,summer,4,Hymenoptera,4,Adult,terrestrial,,,
8/3/2017,SGL 221,leaf litter,5,summer,4,Perlidae,1,Immature,aquatic,,,
8/3/2017,SGL 221,leaf litter,5,summer,4,Mecoptera,1,Adult,terrestrial,,,
8/3/2017,SGL 221,leaf litter,5,summer,4,Annelida,7,Undetermined,terrestrial,,,
8/3/2017,SGL 221,leaf litter,5,summer,5,Acari,287,Undetermined,terrestrial,,,
8/3/2017,SGL 221,leaf litter,5,summer,5,Collembola,24,Undetermined,terrestrial,,,
8/3/2017,SGL 221,leaf litter,5,summer,5,Araneae,11,Undetermined,terrestrial,,,
8/3/2017,SGL 221,leaf litter,5,summer,5,Gastropoda,3,Undetermined,terrestrial,,,
8/3/2017,SGL 221,leaf litter,5,summer,5,Chilopoda,1,Undetermined,terrestrial,,,
8/3/2017,SGL 221,leaf litter,5,summer,5,Pseudoscorpiones,1,Undetermined,terrestrial,,,
8/3/2017,SGL 221,leaf litter,5,summer,5,Cecidomyiidae,1,Adult,terrestrial,,,
8/3/2017,SGL 221,leaf litter,5,summer,5,Psychodidae,1,Adult,terrestrial,,,
8/3/2017,SGL 221,leaf litter,5,summer,5,Heteroptera,3,Immature,terrestrial,,,
8/3/2017,SGL 221,leaf litter,5,summer,5,Cecidomyiidae,4,Immature,terrestrial,,,
8/3/2017,SGL 221,leaf litter,5,summer,5,Diptera,1,Immature,intermediate,,,
8/3/2017,SGL 221,leaf litter,5,summer,5,Lepidoptera,1,Immature,terrestrial,,,
8/3/2017,SGL 221,leaf litter,5,summer,5,Peltoperlidae,2,Immature,aquatic,,,
8/3/2017,SGL 221,leaf litter,5,summer,5,Sciaridae,1,Immature,terrestrial,,,
8/3/2017,SGL 221,leaf litter,5,summer,5,Hymenoptera,2,Adult,terrestrial,,,
8/3/2017,SGL 221,leaf litter,5,summer,5,Dolichopodidae,1,Immature,terrestrial,,,
8/3/2017,SGL 221,leaf litter,5,summer,5,Chironomidae,1,Immature,aquatic,,,
8/3/2017,SGL 221,leaf litter,5,summer,5,Empididae,1,Immature,aquatic,,,
8/3/2017,SGL 221,leaf litter,5,summer,5,Hemiptera,1,Adult,terrestrial,,,
8/3/2017,SGL 221,leaf litter,5,summer,5,Lepidoptera,1,Immature,terrestrial,,,
8/7/2017,HECR,leaf litter,5,summer,1,Collembola,5,Undetermined,terrestrial,,,
8/7/2017,HECR,leaf litter,5,summer,1,Cecidomyiidae,1,Adult,terrestrial,,,
8/7/2017,HECR,leaf litter,5,summer,1,Phoridae,2,Adult,terrestrial,,,
8/7/2017,HECR,leaf litter,5,summer,1,Araneae,1,Undetermined,terrestrial,,,
8/7/2017,HECR,leaf litter,5,summer,1,Pseudoscorpiones,1,Undetermined,terrestrial,,,
8/7/2017,HECR,leaf litter,5,summer,1,Acari,59,Undetermined,terrestrial,,,
8/7/2017,HECR,leaf litter,5,summer,1,Curculionidae,1,Adult,terrestrial,,,
8/7/2017,HECR,leaf litter,5,summer,1,Isopoda,1,Undetermined,terrestrial,,,
8/7/2017,HECR,leaf litter,5,summer,1,Lampyridae,1,Immature,terrestrial,,,
8/7/2017,HECR,leaf litter,5,summer,1,Staphylinidae,1,Immature,terrestrial,,,
8/7/2017,HECR,leaf litter,5,summer,1,Chironomidae,1,Immature,aquatic,,,
8/7/2017,HECR,leaf litter,5,summer,1,Gastropoda,1,Undetermined,terrestrial,,,
8/7/2017,HECR,leaf litter,5,summer,1,Chalcidoidea,1,Adult,terrestrial,,,
8/7/2017,HECR,leaf litter,5,summer,1,Ceratopogonidae,1,Immature,aquatic,,,
8/7/2017,HECR,leaf litter,5,summer,1,Lepidoptera,4,Immature,terrestrial,,,
8/7/2017,HECR,leaf litter,5,summer,2,Acari,39,Undetermined,terrestrial,,,
8/7/2017,HECR,leaf litter,5,summer,2,Collembola,12,Undetermined,terrestrial,,,
8/7/2017,HECR,leaf litter,5,summer,2,Psocoptera,1,Adult,terrestrial,,,
8/7/2017,HECR,leaf litter,5,summer,2,Psocoptera,5,Immature,terrestrial,,,
8/7/2017,HECR,leaf litter,5,summer,2,Araneae,3,Undetermined,terrestrial,,,
8/7/2017,HECR,leaf litter,5,summer,2,Chironomidae,9,Immature,aquatic,,,
8/7/2017,HECR,leaf litter,5,summer,2,Cecidomyiidae,3,Adult,terrestrial,,,
8/7/2017,HECR,leaf litter,5,summer,2,Cecidomyiidae,1,Immature,terrestrial,,,
8/7/2017,HECR,leaf litter,5,summer,2,Aphididae,1,Immature,terrestrial,,,
8/7/2017,HECR,leaf litter,5,summer,2,Annelida,2,Undetermined,terrestrial,,,
8/7/2017,HECR,leaf litter,5,summer,2,Thysanoptera,1,Adult,terrestrial,,,
8/7/2017,HECR,leaf litter,5,summer,2,Phoridae,1,Adult,terrestrial,,,
8/7/2017,HECR,leaf litter,5,summer,2,Chalcidoidea,1,Adult,terrestrial,,,
8/7/2017,HECR,leaf litter,5,summer,2,Lepidoptera,2,Immature,terrestrial,,,
8/7/2017,HECR,leaf litter,5,summer,2,Psychodidae,4,Adult,terrestrial,,,
8/7/2017,HECR,leaf litter,5,summer,3,Collembola,22,Undetermined,terrestrial,,,
8/7/2017,HECR,leaf litter,5,summer,3,Araneae,2,Undetermined,terrestrial,,,
8/7/2017,HECR,leaf litter,5,summer,3,Diplopoda,4,Undetermined,terrestrial,,,
8/7/2017,HECR,leaf litter,5,summer,3,Acari,359,Undetermined,terrestrial,,,
8/7/2017,HECR,leaf litter,5,summer,3,Chalcidoidea,1,Adult,terrestrial,,,
8/7/2017,HECR,leaf litter,5,summer,3,Pseudoscorpiones,1,Undetermined,terrestrial,,,
8/7/2017,HECR,leaf litter,5,summer,3,Lepidoptera,3,Immature,terrestrial,,,
8/7/2017,HECR,leaf litter,5,summer,3,Cecidomyiidae,7,Immature,terrestrial,,,
8/7/2017,HECR,leaf litter,5,summer,3,Annelida,1,Undetermined,terrestrial,,,
8/7/2017,HECR,leaf litter,5,summer,4,Araneae,30,Undetermined,terrestrial,,,
8/7/2017,HECR,leaf litter,5,summer,4,Collembola,18,Undetermined,terrestrial,,,
8/7/2017,HECR,leaf litter,5,summer,4,Diplopoda,1,Undetermined,terrestrial,,,
8/7/2017,HECR,leaf litter,5,summer,4,Acari,218,Undetermined,terrestrial,,,
8/7/2017,HECR,leaf litter,5,summer,4,Gastropoda,1,Undetermined,terrestrial,,,
8/7/2017,HECR,leaf litter,5,summer,4,Carabidae,1,Adult,terrestrial,,,
8/7/2017,HECR,leaf litter,5,summer,4,Psychodidae,1,Immature,intermediate,,,
8/7/2017,HECR,leaf litter,5,summer,4,Chironomidae,3,Immature,aquatic,,,
8/7/2017,HECR,leaf litter,5,summer,4,Cecidomyiidae,3,Immature,terrestrial,,,
8/7/2017,HECR,leaf litter,5,summer,5,Sciaridae,1,Adult,intermediate,,,
8/7/2017,HECR,leaf litter,5,summer,5,Collembola,20,Undetermined,terrestrial,,,
8/7/2017,HECR,leaf litter,5,summer,5,Chironomidae,11,Immature,aquatic,,,
8/7/2017,HECR,leaf litter,5,summer,5,Acari,36,Undetermined,terrestrial,,,
8/7/2017,HECR,leaf litter,5,summer,5,Araneae,10,Undetermined,terrestrial,,,
8/7/2017,HECR,leaf litter,5,summer,5,Chalcidoidea,1,Adult,terrestrial,,,
8/7/2017,HECR,leaf litter,5,summer,5,Diplopoda,1,Undetermined,terrestrial,,,
8/7/2017,HECR,leaf litter,5,summer,5,Phoridae,1,Adult,terrestrial,,,
8/7/2017,HECR,leaf litter,5,summer,5,Thysanoptera,1,Adult,terrestrial,,,
8/7/2017,HECR,leaf litter,5,summer,5,Aphididae,4,Immature,terrestrial,,,
8/7/2017,HECR,leaf litter,5,summer,5,Dolichopodidae,1,Immature,terrestrial,,,
8/7/2017,HECR,leaf litter,5,summer,5,Lampyridae,1,Immature,terrestrial,,,
8/7/2017,HECR,leaf litter,5,summer,5,Cantharidae,1,Immature,terrestrial,,,
8/7/2017,HECR,leaf litter,5,summer,5,Cecidomyiidae,2,Immature,terrestrial,,,
8/7/2017,HECR,leaf litter,5,summer,5,Lepidoptera,1,Immature,terrestrial,,,
7/30/2017,HECR,leaf pack,5,summer,2,Chironomidae,67,Immature,aquatic,,,
7/30/2017,HECR,leaf pack,5,summer,2,Limoniidae,1,Immature,aquatic,,,
7/30/2017,HECR,leaf pack,5,summer,2,Diptera,1,Immature,intermediate,,,
7/30/2017,HECR,leaf pack,5,summer,2,Simuliidae,1,Immature,aquatic,,,
7/30/2017,HECR,leaf pack,5,summer,2,Empididae,4,Immature,aquatic,,,
7/30/2017,HECR,leaf pack,5,summer,2,Peltoperlidae,91,Immature,aquatic,,,
7/30/2017,HECR,leaf pack,5,summer,2,Plecoptera,6,Immature,aquatic,,,
7/30/2017,HECR,leaf pack,5,summer,2,Dixidae,3,Immature,aquatic,,,
7/30/2017,HECR,leaf pack,5,summer,2,Acari,1,Undetermined,terrestrial,,,
7/30/2017,HECR,leaf pack,5,summer,2,Psocoptera,1,Adult,terrestrial,,,
7/30/2017,HECR,leaf pack,5,summer,2,Sciaridae,1,Adult,intermediate,,,
7/30/2017,HECR,leaf pack,5,summer,2,Collembola,29,Undetermined,terrestrial,,,
7/30/2017,HECR,leaf pack,5,summer,2,Elmidae,1,Immature,aquatic,,,
7/30/2017,HECR,leaf pack,5,summer,2,Trichoptera,2,Immature,aquatic,,,
7/30/2017,HECR,leaf pack,5,summer,3,Chironomidae,344,Immature,aquatic,,,
7/30/2017,HECR,leaf pack,5,summer,3,Trichoptera,1,Immature,aquatic,,,
7/30/2017,HECR,leaf pack,5,summer,3,Hydropsychidae,2,Immature,aquatic,,,
7/30/2017,HECR,leaf pack,5,summer,3,Brachycentridae,2,Immature,aquatic],,,
7/30/2017,HECR,leaf pack,5,summer,3,Peltoperlidae,34,Immature,aquatic,,,
7/30/2017,HECR,leaf pack,5,summer,3,Acari,5,Undetermined,terrestrial,,,
7/30/2017,HECR,leaf pack,5,summer,3,Gastropoda,1,Undetermined,terrestrial,,,
7/30/2017,HECR,leaf pack,5,summer,3,Psychodidae,3,Immature,intermediate,,,
7/30/2017,HECR,leaf pack,5,summer,3,Staphylinidae,1,Adult,terrestrial,,,
7/30/2017,HECR,leaf pack,5,summer,3,Cecidomyiidae,1,Adult,terrestrial,,,
7/30/2017,HECR,leaf pack,5,summer,3,Chironomidae,2,Adult,aquatic,,,
7/30/2017,HECR,leaf pack,5,summer,3,Carabidae,1,Immature,aquatic,,,
7/30/2017,HECR,leaf pack,5,summer,3,Ephemeroptera,5,Immature,aquatic,,,
7/30/2017,HECR,leaf pack,5,summer,3,Dytiscidae,1,Adult,aquatic,,,
7/30/2017,HECR,leaf pack,5,summer,3,Collembola,5,Undetermined,terrestrial,,,
7/30/2017,HECR,leaf pack,5,summer,3,Elmidae,1,Immature,aquatic,,,
7/30/2017,HECR,leaf pack,5,summer,3,Araneae,2,Undetermined,terrestrial,,,
7/30/2017,HECR,leaf pack,5,summer,3,Dixidae,2,Immature,aquatic,,,
7/30/2017,HECR,leaf pack,5,summer,3,Plecoptera,3,Immature,aquatic,,,
7/30/2017,HECR,leaf pack,5,summer,3,Chilopoda,1,Undetermined,terrestrial,,,
7/30/2017,HECR,leaf pack,5,summer,3,Empididae,15,Immature,aquatic,,,
7/30/2017,HECR,leaf pack,5,summer,3,Annelida,1,Undetermined,terrestrial,,,
7/30/2017,HECR,leaf pack,5,summer,3,Diptera,8,Immature,intermediate,,,
7/30/2017,HECR,leaf pack,5,summer,4,Limoniidae,2,Immature,aquatic,,,
7/30/2017,HECR,leaf pack,5,summer,4,Dytiscidae,1,Adult,aquatic,,,
7/30/2017,HECR,leaf pack,5,summer,4,Chironomidae,31,Immature,aquatic,,,
7/30/2017,HECR,leaf pack,5,summer,4,Empididae,4,Immature,aquatic,,,
7/30/2017,HECR,leaf pack,5,summer,4,Dixidae,1,Immature,aquatic,,,
7/30/2017,HECR,leaf pack,5,summer,4,Psychodidae,1,Immature,intermediate,,,
7/30/2017,HECR,leaf pack,5,summer,4,Cecidomyiidae,1,Adult,terrestrial,,,
7/30/2017,HECR,leaf pack,5,summer,4,Collembola,2,Undetermined,terrestrial,,,
7/30/2017,HECR,leaf pack,5,summer,4,Peltoperlidae,1,Immature,aquatic,,,
7/30/2017,HECR,leaf pack,5,summer,4,Carabidae,1,Immature,aquatic,,,
7/30/2017,HECR,leaf pack,5,summer,4,Ephemeroptera,1,Immature,aquatic,,,
7/30/2017,HECR,leaf pack,5,summer,4,Diptera,1,Immature,intermediate,,,
10/1/2017,SGL 221,leaf pack,6,fall,1,Gomphidae,1,Immature,aquatic,,,
10/1/2017,SGL 221,leaf pack,6,fall,1,Chironomidae,10,Immature,aquatic,,,
10/1/2017,SGL 221,leaf pack,6,fall,1,Plecoptera,10,Immature,aquatic,,,
10/1/2017,SGL 221,leaf pack,6,fall,1,Pteronarcyidae,2,Immature,aquatic,,,
10/1/2017,SGL 221,leaf pack,6,fall,1,Trichoptera,6,Immature,aquatic,,,
10/1/2017,SGL 221,leaf pack,6,fall,1,Odontoceridae,3,Immature,aquatic,,,
10/1/2017,SGL 221,leaf pack,6,fall,1,Limnephilidae,2,Immature,aquatic,,,
10/1/2017,SGL 221,leaf pack,6,fall,1,Diplopoda,1,Undetermined,terrestrial,,,
10/1/2017,SGL 221,leaf pack,6,fall,1,Peltoperlidae,13,Immature,aquatic,,,
10/1/2017,SGL 221,leaf pack,6,fall,1,Dixidae,1,Immature,aquatic,,,
10/1/2017,SGL 221,leaf pack,6,fall,1,Ceratopogonidae,1,Immature,aquatic,,,
10/1/2017,SGL 221,leaf pack,6,fall,1,Collembola,2,Undetermined,terrestrial,,,
10/1/2017,SGL 221,leaf pack,6,fall,1,Nematoda,2,Undetermined,terrestrial,,,
10/1/2017,SGL 221,leaf pack,6,fall,1,Acalyptratae,1,Adult,intermediate,,,
10/1/2017,SGL 221,leaf pack,6,fall,1,Empididae,7,Immature,aquatic,,,
10/1/2017,SGL 221,leaf pack,6,fall,2,Collembola,11,Undetermined,terrestrial,,,
10/1/2017,SGL 221,leaf pack,6,fall,2,Plecoptera,3,Immature,aquatic,,,
10/1/2017,SGL 221,leaf pack,6,fall,2,Pteronarcyidae,2,Immature,aquatic,,,
10/1/2017,SGL 221,leaf pack,6,fall,2,Peltoperlidae,13,Immature,aquatic,,,
10/1/2017,SGL 221,leaf pack,6,fall,2,Odontoceridae,5,Immature,aquatic,,,
10/1/2017,SGL 221,leaf pack,6,fall,2,Chironomidae,11,Immature,aquatic,,,
10/1/2017,SGL 221,leaf pack,6,fall,2,Ceratopogonidae,2,Immature,aquatic,,,
10/1/2017,SGL 221,leaf pack,6,fall,2,Annelida,4,Undetermined,terrestrial,,,
10/1/2017,SGL 221,leaf pack,6,fall,2,Empididae,17,Immature,aquatic,,,
10/1/2017,SGL 221,leaf pack,6,fall,2,Dolichopodidae,1,Immature,terrestrial,,,
10/1/2017,SGL 221,leaf pack,6,fall,2,Sciaridae,1,Adult,intermediate,,,
10/1/2017,SGL 221,leaf pack,6,fall,2,Psychodidae,1,Immature,intermediate,,,
10/1/2017,SGL 221,leaf pack,6,fall,2,Trichoptera,4,Immature,aquatic,,,
10/1/2017,SGL 221,leaf pack,6,fall,3,Chironomidae,127,Immature,aquatic,,,
10/1/2017,SGL 221,leaf pack,6,fall,3,Plethodontidae,1,Immature,aquatic,,,
10/1/2017,SGL 221,leaf pack,6,fall,3,Gomphidae,1,Immature,aquatic,,,
10/1/2017,SGL 221,leaf pack,6,fall,3,Acari,1,Undetermined,terrestrial,,,
10/1/2017,SGL 221,leaf pack,6,fall,3,Diptera,1,Adult,intermediate,,,
10/1/2017,SGL 221,leaf pack,6,fall,3,Phoridae,2,Adult,terrestrial,,,
10/1/2017,SGL 221,leaf pack,6,fall,3,Acalyptratae,3,Adult,intermediate,,,
10/1/2017,SGL 221,leaf pack,6,fall,3,Empididae,2,Immature,aquatic,,,
10/1/2017,SGL 221,leaf pack,6,fall,3,Cecidomyiidae,3,Immature,terrestrial,,,
10/1/2017,SGL 221,leaf pack,6,fall,3,Ephemeroptera,4,Immature,aquatic,,,
10/1/2017,SGL 221,leaf pack,6,fall,3,Odontoceridae,4,Immature,aquatic,,,
10/1/2017,SGL 221,leaf pack,6,fall,3,Ceratopogonidae,1,Immature,aquatic,,,
10/1/2017,SGL 221,leaf pack,6,fall,3,Peltoperlidae,5,Immature,aquatic,,,
10/1/2017,SGL 221,leaf pack,6,fall,3,Reduviidae,1,Adult,aquatic,,,
10/1/2017,SGL 221,leaf pack,6,fall,3,Diptera,2,Immature,intermediate,,,
10/1/2017,SGL 221,leaf pack,6,fall,5,Collembola,11,Undetermined,terrestrial,,,
10/1/2017,SGL 221,leaf pack,6,fall,5,Pteronarcyidae,3,Immature,aquatic,,,
10/1/2017,SGL 221,leaf pack,6,fall,5,Perlodidae,4,Immature,aquatic,,,
10/1/2017,SGL 221,leaf pack,6,fall,5,Plecoptera,3,Immature,aquatic,,,
10/1/2017,SGL 221,leaf pack,6,fall,5,Empididae,10,Immature,aquatic,,,
10/1/2017,SGL 221,leaf pack,6,fall,5,Peltoperlidae,11,Immature,aquatic,,,
10/1/2017,SGL 221,leaf pack,6,fall,5,Chironomidae,98,Immature,aquatic,,,
10/1/2017,SGL 221,leaf pack,6,fall,5,Trichoptera,6,Immature,aquatic,,,
10/1/2017,SGL 221,leaf pack,6,fall,5,Hydropsychidae,4,Immature,aquatic,,,
10/1/2017,SGL 221,leaf pack,6,fall,5,Corydalidae,1,Immature,aquatic,,,
10/1/2017,SGL 221,leaf pack,6,fall,5,Plethodontidae,1,Immature,aquatic,,,
10/1/2017,SGL 221,leaf pack,6,fall,5,Psocoptera,1,Immature,terrestrial,,,
10/1/2017,SGL 221,leaf pack,6,fall,5,Araneae,1,Undetermined,terrestrial,,,
10/1/2017,SGL 221,leaf pack,6,fall,5,Ephemeroptera,2,Immature,aquatic,,,
10/1/2017,SGL 221,leaf pack,6,fall,5,Diptera,2,Immature,intermediate,,,
10/1/2017,SGL 221,leaf pack,6,fall,5,Ceratopogonidae,2,Immature,aquatic,,,
10/1/2017,SGL 221,leaf pack,6,fall,5,Elmidae,4,Immature,aquatic,,,
10/1/2017,SGL 221,leaf pack,6,fall,5,Acari,3,Undetermined,terrestrial,,,
10/1/2017,SGL 221,leaf litter,6,fall,1,Collembola,12,Undetermined,terrestrial,,,
10/1/2017,SGL 221,leaf litter,6,fall,1,Araneae,8,Undetermined,terrestrial,,,
10/1/2017,SGL 221,leaf litter,6,fall,1,Acari,106,Undetermined,terrestrial,,,
10/1/2017,SGL 221,leaf litter,6,fall,1,Acalyptratae,3,Adult,intermediate,,,
10/1/2017,SGL 221,leaf litter,6,fall,1,Cecidomyiidae,2,Adult,terrestrial,,,
10/1/2017,SGL 221,leaf litter,6,fall,1,Cecidomyiidae,1,Immature,terrestrial,,,
10/1/2017,SGL 221,leaf litter,6,fall,1,Psychodidae,1,Immature,intermediate,,,
10/1/2017,SGL 221,leaf litter,6,fall,1,Phoridae,3,Adult,terrestrial,,,
10/1/2017,SGL 221,leaf litter,6,fall,1,Lepidoptera,1,Immature,terrestrial,,,
10/1/2017,SGL 221,leaf litter,6,fall,1,Gastropoda,1,Undetermined,terrestrial,,,
10/1/2017,SGL 221,leaf litter,6,fall,1,Thysanoptera,1,Adult,terrestrial,,,
10/1/2017,SGL 221,leaf litter,6,fall,2,Acari,67,Undetermined,terrestrial,,,
10/1/2017,SGL 221,leaf litter,6,fall,2,Collembola,1,Undetermined,terrestrial,,,
10/1/2017,SGL 221,leaf litter,6,fall,2,Gastropoda,9,Undetermined,terrestrial,,,
10/1/2017,SGL 221,leaf litter,6,fall,2,Lepidoptera,1,Immature,terrestrial,,,
10/1/2017,SGL 221,leaf litter,6,fall,2,Staphylinidae,5,Adult,terrestrial,,,
10/1/2017,SGL 221,leaf litter,6,fall,2,Chilopoda,1,Undetermined,terrestrial,,,
10/1/2017,SGL 221,leaf litter,6,fall,2,Psocoptera,2,Adult,terrestrial,,,
10/1/2017,SGL 221,leaf litter,6,fall,2,Psocoptera,2,Immature,terrestrial,,,
10/1/2017,SGL 221,leaf litter,6,fall,2,Formicidae,1,Adult,terrestrial,,,
10/1/2017,SGL 221,leaf litter,6,fall,2,Sciaridae,2,Adult,intermediate,,,
10/1/2017,SGL 221,leaf litter,6,fall,2,Phoridae,1,Adult,terrestrial,,,
10/1/2017,SGL 221,leaf litter,6,fall,2,Pseudoscorpiones,2,Undetermined,terrestrial,,,
10/1/2017,SGL 221,leaf litter,6,fall,2,Araneae,1,Undetermined,terrestrial,,,
10/1/2017,SGL 221,leaf litter,6,fall,2,Hymenoptera,2,Adult,terrestrial,,,
10/1/2017,SGL 221,leaf litter,6,fall,2,Curculionidae,1,Adult,terrestrial,,,
10/1/2017,SGL 221,leaf litter,6,fall,2,Peltoperlidae,1,Immature,aquatic,,,
10/1/2017,SGL 221,leaf litter,6,fall,3,Acari,228,Undetermined,terrestrial,,,
10/1/2017,SGL 221,leaf litter,6,fall,3,Collembola,37,Undetermined,terrestrial,,,
10/1/2017,SGL 221,leaf litter,6,fall,3,Staphylinidae,16,Adult,terrestrial,,,
10/1/2017,SGL 221,leaf litter,6,fall,3,Staphylinidae,1,Immature,terrestrial,,,
10/1/2017,SGL 221,leaf litter,6,fall,3,Cantharidae,1,Immature,terrestrial,,,
10/1/2017,SGL 221,leaf litter,6,fall,3,Araneae,4,Undetermined,terrestrial,,,
10/1/2017,SGL 221,leaf litter,6,fall,3,Chilopoda,2,Undetermined,terrestrial,,,
10/1/2017,SGL 221,leaf litter,6,fall,3,Diplopoda,4,Undetermined,terrestrial,,,
10/1/2017,SGL 221,leaf litter,6,fall,3,Gastropoda,1,Undetermined,terrestrial,,,
10/1/2017,SGL 221,leaf litter,6,fall,3,Diptera,1,Immature,intermediate,,,
10/1/2017,SGL 221,leaf litter,6,fall,3,Cecidomyiidae,3,Immature,terrestrial,,,
10/1/2017,SGL 221,leaf litter,6,fall,3,Phoridae,2,Adult,terrestrial,,,
10/1/2017,SGL 221,leaf litter,6,fall,3,Acalyptratae,1,Adult,intermediate,,,
10/1/2017,SGL 221,leaf litter,6,fall,3,Chironomidae,1,Immature,aquatic,,,
10/1/2017,SGL 221,leaf litter,6,fall,3,Hymenoptera,2,Adult,terrestrial,,,
10/1/2017,SGL 221,leaf litter,6,fall,3,Lepidoptera,1,Immature,terrestrial,,,
10/1/2017,SGL 221,leaf litter,6,fall,3,Thysanoptera,1,Adult,terrestrial,,,
10/1/2017,SGL 221,leaf litter,6,fall,4,Acari,118,Undetermined,terrestrial,,,
10/1/2017,SGL 221,leaf litter,6,fall,4,Araneae,2,Undetermined,terrestrial,,,
10/1/2017,SGL 221,leaf litter,6,fall,4,Pseudoscorpiones,1,Undetermined,terrestrial,,,
10/1/2017,SGL 221,leaf litter,6,fall,4,Collembola,11,Undetermined,terrestrial,,,
10/1/2017,SGL 221,leaf litter,6,fall,4,Lepidoptera,3,Immature,terrestrial,,,
10/1/2017,SGL 221,leaf litter,6,fall,4,Psocoptera,2,Immature,terrestrial,,,
10/1/2017,SGL 221,leaf litter,6,fall,4,Staphylinidae,1,Adult,terrestrial,,,
10/1/2017,SGL 221,leaf litter,6,fall,4,Phoridae,1,Adult,terrestrial,,,
10/1/2017,SGL 221,leaf litter,6,fall,4,Hymenoptera,1,Adult,terrestrial,,,
10/1/2017,SGL 221,leaf litter,6,fall,5,Acari,83,Undetermined,terrestrial,,,
10/1/2017,SGL 221,leaf litter,6,fall,5,Araneae,9,Undetermined,terrestrial,,,
10/1/2017,SGL 221,leaf litter,6,fall,5,Collembola,46,Undetermined,terrestrial,,,
10/1/2017,SGL 221,leaf litter,6,fall,5,Gastropoda,2,Undetermined,terrestrial,,,
10/1/2017,SGL 221,leaf litter,6,fall,5,Diplopoda,4,Undetermined,terrestrial,,,
10/1/2017,SGL 221,leaf litter,6,fall,5,Pseudoscorpiones,2,Undetermined,terrestrial,,,
10/1/2017,SGL 221,leaf litter,6,fall,5,Lepidoptera,1,Immature,terrestrial,,,
10/1/2017,SGL 221,leaf litter,6,fall,5,Phoridae,2,Adult,terrestrial,,,
10/1/2017,SGL 221,leaf litter,6,fall,5,Staphylinidae,1,Immature,terrestrial,,,
10/1/2017,SGL 221,leaf litter,6,fall,5,Psocoptera,1,Adult,terrestrial,,,
10/1/2017,SGL 221,leaf litter,6,fall,5,Trichoptera,1,Immature,aquatic,,,
