year,season,site,specimen,species,SVL,aquatic.total.vol,int.total.vol,neither.total.vol,terr.total.vol,total.prey.volume,percent.aquatic.vol,percent.int.vol,percent.neither.vol,percent.terr.vol
2016,Spring,SGL 205,KMM033,D. fuscus,33,1.17,0,0,2.68,3.85,0.30,0.00,0.00,0.70
2016,Spring,SGL 205,KMM041,D. fuscus,34,21.4,1.48,0,0,22.88,0.94,0.06,0.00,0.00
2016,Spring,SGL 205,KMM028,D. fuscus,34,0.53,0,0,1.14,1.67,0.32,0.00,0.00,0.68
2016,Spring,SGL 205,KMM031,D. fuscus,35,2.67,1.36,0,0,4.03,0.66,0.34,0.00,0.00
2016,Spring,SGL 205,KMM035,D. fuscus,37,0,0,0,31.4,31.4,0.00,0.00,0.00,1.00
2016,Spring,SGL 205,KMM043,D. fuscus,37,0,0,0,5.36,5.36,0.00,0.00,0.00,1.00
2016,Spring,SGL 205,KMM045,E. bislineata,41,0,0,0,24.84,24.84,0.00,0.00,0.00,1.00
2016,Spring,SGL 205,KMM069,D. fuscus,43,0,0,0,0.47,0.47,0.00,0.00,0.00,1.00
2016,Spring,SGL 205,KMM068,D. fuscus,44,0,73.73,0,0,73.73,0.00,1.00,0.00,0.00
2016,Spring,SGL 205,KMM025,D. fuscus,46,9.86,0,245.58,30.31,285.75,0.03,0.00,0.86,0.11
2016,Spring,SGL 205,KMM030,D. fuscus,46,0.85,0,0,0,0.85,1.00,0.00,0.00,0.00
2016,Spring,SGL 205,KMM034,D. fuscus,47,0,0,0,635.4,635.4,0.00,0.00,0.00,1.00
2016,Spring,SGL 205,KMM067,D. fuscus,47,1.51,0,0,0,1.51,1.00,0.00,0.00,0.00
2016,Spring,SGL 205,KMM040,D. fuscus,57,1.3,4.18,0,0,5.48,0.24,0.76,0.00,0.00
2016,Spring,SGL 205,KMM024,D. fuscus,60,0.38,0,1.42,143.87,145.67,0.00,0.00,0.01,0.99
2016,Spring,SGL 205,KMM037,D. fuscus,62,1.26,9.89,2.68,0.04,13.87,0.09,0.71,0.19,0.00
2016,Summer,SGL 221,KMM073,D. ochrophaeus,31,0,0,0,265.07,265.07,0.00,0.00,0.00,1.00
2016,Summer,SGL 221,KMM0129,D. ochrophaeus,33,0,70.81,0,0.66,71.47,0.00,0.99,0.00,0.01
2016,Summer,SGL 221,KMM0144,D. ochrophaeus,34,0,33.7,0,0,33.7,0.00,1.00,0.00,0.00
2016,Summer,SGL 221,KMM095,D. fuscus,35,0,0,0,0.21,0.21,0.00,0.00,0.00,1.00
2016,Summer,SGL 221,KMM0125,E. bislineata,36,0,0,0,0.94,0.94,0.00,0.00,0.00,1.00
2016,Summer,SGL 221,KMM0127,D. ochrophaeus,37,0.64,0,0,31.53,32.17,0.02,0.00,0.00,0.98
2016,Summer,SGL 221,KMM0137,E. bislineata,37,0,0,0,0.53,0.53,0.00,0.00,0.00,1.00
2016,Summer,SGL 221,KMM0139,E. bislineata,38,0,0,0,0.6,0.6,0.00,0.00,0.00,1.00
2016,Summer,SGL 221,KMM078,D. ochrophaeus,38,0,0.73,0,0,0.73,0.00,1.00,0.00,0.00
2016,Summer,SGL 221,KMM0135,E. bislineata,39,0,0,0,1.32,1.32,0.00,0.00,0.00,1.00
2016,Summer,SGL 221,KMM0138,E. bislineata,39,0,0.82,0,6.8,7.62,0.00,0.11,0.00,0.89
2016,Summer,SGL 221,KMM091,D. ochrophaeus,39,0,0,0,1.89,1.89,0.00,0.00,0.00,1.00
2016,Summer,SGL 221,KMM0132,D. ochrophaeus,40,0.2,5.62,0,6.8,12.62,0.02,0.45,0.00,0.54
2016,Summer,SGL 221,KMM0134,D. ochrophaeus,40,0.04,0,0,1.68,1.72,0.02,0.00,0.00,0.98
2016,Summer,SGL 221,KMM079,D. fuscus,40,1.46,0,0,15.35,16.81,0.09,0.00,0.00,0.91
2016,Summer,SGL 221,KMM0140,D. ochrophaeus,41,0,0,0,0.24,0.24,0.00,0.00,0.00,1.00
2016,Summer,SGL 221,KMM094,D. fuscus,41,0,0,0,0.61,0.61,0.00,0.00,0.00,1.00
2016,Summer,SGL 221,KMM0105,D. ochrophaeus,42,0,0,0,0.48,0.48,0.00,0.00,0.00,1.00
2016,Summer,SGL 221,KMM0122,E. bislineata,42,0,0,0,5.6,5.6,0.00,0.00,0.00,1.00
2016,Summer,SGL 221,KMM0136,E. bislineata,42,0,5.57,0.53,1.3,7.4,0.00,0.75,0.07,0.18
2016,Summer,SGL 221,KMM072,D. ochrophaeus,42,0,0,0,90.91,90.91,0.00,0.00,0.00,1.00
2016,Summer,SGL 221,KMM0103,D. ochrophaeus,43,0,8.06,0,0,8.06,0.00,1.00,0.00,0.00
2016,Summer,SGL 221,KMM0143,D. ochrophaeus,43,1.03,0,0,0.43,1.46,0.71,0.00,0.00,0.29
2016,Summer,SGL 221,KMM070,D. fuscus,44,0,0.3,0,0.08,0.38,0.00,0.79,0.00,0.21
2016,Summer,SGL 221,KMM0130,E. bislineata,44,0.19,0,0,0.17,0.36,0.53,0.00,0.00,0.47
2016,Summer,SGL 221,KMM098,D. ochrophaeus,44,0,0,0,4.37,4.37,0.00,0.00,0.00,1.00
2016,Summer,SGL 221,KMM081,D. ochrophaeus,45,0,0,0,0.11,0.11,0.00,0.00,0.00,1.00
2016,Summer,SGL 221,KMM076,D. fuscus,45,9.81,0,0,1.17,10.98,0.89,0.00,0.00,0.11
2016,Summer,SGL 221,KMM0142,D. ochrophaeus,46,5.29,0,0,0,5.29,1.00,0.00,0.00,0.00
2016,Summer,SGL 221,KMM092,D. ochrophaeus,47,0,0,0,0.87,0.87,0.00,0.00,0.00,1.00
2016,Summer,SGL 221,KMM075,D. fuscus,51,2.51,27.18,0,0,29.69,0.08,0.92,0.00,0.00
2016,Summer,SGL 221,KMM0148,D. fuscus,51,0,0,0,3.89,3.89,0.00,0.00,0.00,1.00
2016,Summer,SGL 221,KMM0100,D. fuscus,52,0,0,0,8.24,8.24,0.00,0.00,0.00,1.00
2016,Summer,SGL 221,KMM0147,D. fuscus,52,0,0,0,39.89,39.89,0.00,0.00,0.00,1.00
2016,Summer,SGL 221,KMM0146,D. fuscus,55,0,2.3,0,5.58,7.88,0.00,0.29,0.00,0.71
2016,Summer,SGL 221,KMM071,D. fuscus,63,0,0,0,117.38,117.38,0.00,0.00,0.00,1.00
2016,Summer,SGL 221,KMM0124,D. fuscus,65,0,0,0,1.37,1.37,0.00,0.00,0.00,1.00
2016,Summer,SGL 221,KMM086,D. fuscus,66,0,0,0,2.21,2.21,0.00,0.00,0.00,1.00
2016,Summer,SGL 221,KMM0133,D. fuscus,70,9.22,0,108.43,0.32,117.97,0.08,0.00,0.92,0.00
2016,Summer,SGL 221,KMM0145,D. fuscus,73,0,0,0,9.37,9.37,0.00,0.00,0.00,1.00
2016,Spring,SGL 221,KMM047,D. ochrophaeus,35,0,0,0,10.48,10.48,0.00,0.00,0.00,1.00
2016,Spring,SGL 221,KMM012,D. ochrophaeus,36,0,0,30.78,0,30.78,0.00,0.00,1.00,0.00
2016,Spring,SGL 221,KMM016,E. bislineata,36,0,0,0,0.15,0.15,0.00,0.00,0.00,1.00
2016,Spring,SGL 221,KMM018,D. ochrophaeus,36,0,0.27,1.28,0.71,2.26,0.00,0.12,0.57,0.31
2016,Spring,SGL 221,KMM022,D. ochrophaeus,36,0,0,0,0.67,0.67,0.00,0.00,0.00,1.00
2016,Spring,SGL 221,KMM010,D. fuscus,36,0.34,0,0,5.53,5.87,0.06,0.00,0.00,0.94
2016,Spring,SGL 221,KMM004,E. bislineata,37,0,1.46,0,0,1.46,0.00,1.00,0.00,0.00
2016,Spring,SGL 221,KMM048,D. ochrophaeus,37,7.8,0,0,0,7.8,1.00,0.00,0.00,0.00
2016,Spring,SGL 221,KMM056,D. fuscus,37,0.09,0,0,0.17,0.26,0.35,0.00,0.00,0.65
2016,Spring,SGL 221,KMM019,D. ochrophaeus,38,0,0,0,114.36,114.36,0.00,0.00,0.00,1.00
2016,Spring,SGL 221,KMM046,D. ochrophaeus,38,0,0.54,0,6.71,7.25,0.00,0.07,0.00,0.93
2016,Spring,SGL 221,KMM009,D. fuscus,38,0,0,0,3.12,3.12,0.00,0.00,0.00,1.00
2016,Spring,SGL 221,KMM051,D. ochrophaeus,40,0,0,0,1,1,0.00,0.00,0.00,1.00
2016,Spring,SGL 221,KMM008,E. bislineata,41,0,0,2.88,0.08,2.96,0.00,0.00,0.97,0.03
2016,Spring,SGL 221,KMM017,D. ochrophaeus,44,0.87,0,0,0,0.87,1.00,0.00,0.00,0.00
2016,Spring,SGL 221,KMM020,D. ochrophaeus,44,0,0,0,4.98,4.98,0.00,0.00,0.00,1.00
2016,Spring,SGL 221,KMM053,D. fuscus,51,0,0,22.89,0.17,23.06,0.00,0.00,0.99,0.01
2016,Spring,SGL 221,KMM052,D. fuscus,54,0.64,0,0,3.51,4.15,0.15,0.00,0.00,0.85
2016,Spring,SGL 221,KMM001,D. fuscus,55,0,522.88,0,0,522.88,0.00,1.00,0.00,0.00
2016,Spring,SGL 221,KMM011,D. fuscus,55,0,0,0,551.58,551.58,0.00,0.00,0.00,1.00
2016,Spring,SGL 221,KMM015,D. fuscus,56,0,0,15.45,0,15.45,0.00,0.00,1.00,0.00
2016,Spring,SGL 221,KMM060,D. fuscus,60,0,0,0,6.39,6.39,0.00,0.00,0.00,1.00
2016,Spring,SGL 221,KMM057,D. fuscus,66,0,0,0,2.98,2.98,0.00,0.00,0.00,1.00
2016,Spring,SGL 221,KMM005,G. porphyriticus,69,0,0,0,1.95,1.95,0.00,0.00,0.00,1.00
2016,Fall,SGL 221,KMM0179,E. bislineata,26,0,0,0,0.22,0.22,0.00,0.00,0.00,1.00
2016,Fall,SGL 221,KMM0222,E. bislineata,29,0,0,2.48,2.07,4.55,0.00,0.00,0.55,0.45
2016,Fall,SGL 221,KMM0163,E. bislineata,31,0.49,0,0,0.33,0.82,0.60,0.00,0.00,0.40
2016,Fall,SGL 221,KMM0180,E. bislineata,31,0,0,0,0.87,0.87,0.00,0.00,0.00,1.00
2016,Fall,SGL 221,KMM0223,E. bislineata,31,0,39.67,0,1.43,41.1,0.00,0.97,0.00,0.03
2016,Fall,SGL 221,KMM0224,E. bislineata,31,0,0,0,0.08,0.08,0.00,0.00,0.00,1.00
2016,Fall,SGL 221,KMM0204,D. fuscus,31,1.53,0,0,0,1.53,1.00,0.00,0.00,0.00
2016,Fall,SGL 221,KMM0161,E. bislineata,32,0,0,0,1.46,1.46,0.00,0.00,0.00,1.00
2016,Fall,SGL 221,KMM0162,E. bislineata,32,0,0,0,0.01,0.01,0.00,0.00,0.00,1.00
2016,Fall,SGL 221,KMM0169,E. bislineata,32,0,0,0,0.15,0.15,0.00,0.00,0.00,1.00
2016,Fall,SGL 221,KMM0182,E. bislineata,32,0,0,0,0.18,0.18,0.00,0.00,0.00,1.00
2016,Fall,SGL 221,KMM0187,D. ochrophaeus,32,0,0,0,0.33,0.33,0.00,0.00,0.00,1.00
2016,Fall,SGL 221,KMM0188,E. bislineata,33,0,0,0,15.28,15.28,0.00,0.00,0.00,1.00
2016,Fall,SGL 221,KMM0190,D. ochrophaeus,33,0,0,0,133.32,133.32,0.00,0.00,0.00,1.00
2016,Fall,SGL 221,KMM0165,E. bislineata,35,0,39.89,0,0,39.89,0.00,1.00,0.00,0.00
2016,Fall,SGL 221,KMM0197,D. ochrophaeus,35,0,0,0,25.29,25.29,0.00,0.00,0.00,1.00
2016,Fall,SGL 221,KMM0176,E. bislineata,36,0,0,0,1.52,1.52,0.00,0.00,0.00,1.00
2016,Fall,SGL 221,KMM0177,E. bislineata,36,0.1,0,0,6.21,6.31,0.02,0.00,0.00,0.98
2016,Fall,SGL 221,KMM0200,D. ochrophaeus,36,0,0,0,1.76,1.76,0.00,0.00,0.00,1.00
2016,Fall,SGL 221,KMM0221,E. bislineata,36,0,0,14.36,3.68,18.04,0.00,0.00,0.80,0.20
2016,Fall,SGL 221,KMM0225,E. bislineata,36,0,0,0,2.51,2.51,0.00,0.00,0.00,1.00
2016,Fall,SGL 221,KMM0226,E. bislineata,36,0,24.61,0,0.3,24.91,0.00,0.99,0.00,0.01
2016,Fall,SGL 221,KMM0174,E. bislineata,37,0.03,0,0,0.77,0.8,0.04,0.00,0.00,0.96
2016,Fall,SGL 221,KMM0203,D. ochrophaeus,38,0,0,0,1.07,1.07,0.00,0.00,0.00,1.00
2016,Fall,SGL 221,KMM0173,E. bislineata,39,0,0.65,0,0.05,0.7,0.00,0.93,0.00,0.07
2016,Fall,SGL 221,KMM0189,D. ochrophaeus,39,0,0,0,3.34,3.34,0.00,0.00,0.00,1.00
2016,Fall,SGL 221,KMM0202,D. ochrophaeus,39,0.7,0,0,0,0.7,1.00,0.00,0.00,0.00
2016,Fall,SGL 221,KMM0220,D. ochrophaeus,39,0,0,0,23.76,23.76,0.00,0.00,0.00,1.00
2016,Fall,SGL 221,KMM0164,E. bislineata,40,0,0,0,1.51,1.51,0.00,0.00,0.00,1.00
2016,Fall,SGL 221,KMM0199,D. ochrophaeus,40,0,0,0,4.45,4.45,0.00,0.00,0.00,1.00
2016,Fall,SGL 221,KMM0170,E. bislineata,42,0.54,0,0,1.53,2.07,0.26,0.00,0.00,0.74
2016,Fall,SGL 221,KMM0181,D. fuscus,46,0,39.04,0,0.86,39.9,0.00,0.98,0.00,0.02
2016,Fall,SGL 221,KMM0196,G. porphyriticus,74,0,0,0,111.07,111.07,0.00,0.00,0.00,1.00
2016,Fall,SGL 221,KMM0205,G. porphyriticus,80,0,0,0,5.86,5.86,0.00,0.00,0.00,1.00
2016,Summer,STAC,KMM085,D. fuscus,32,0.08,0,0,9.29,9.37,0.01,0.00,0.00,0.99
2016,Summer,STAC,KMM0121,D. fuscus,33,0,0,0,10.68,10.68,0.00,0.00,0.00,1.00
2016,Summer,STAC,KMM0153,D. fuscus,33,0,0,0,0.75,0.75,0.00,0.00,0.00,1.00
2016,Summer,STAC,KMM0111,E. bislineata,36,0,0,0,0.21,0.21,0.00,0.00,0.00,1.00
2016,Summer,STAC,KMM0149,E. bislineata,36,0,0,0,1.66,1.66,0.00,0.00,0.00,1.00
2016,Summer,STAC,KMM0108,D. fuscus,36,0,0,0,0.25,0.25,0.00,0.00,0.00,1.00
2016,Summer,STAC,KMM0110,E. bislineata,37,0,0,0,4.17,4.17,0.00,0.00,0.00,1.00
2016,Summer,STAC,KMM0113,D. fuscus,37,0,0,0,47.05,47.05,0.00,0.00,0.00,1.00
2016,Summer,STAC,KMM0150,E. bislineata,38,1.43,0,0,0.55,1.98,0.72,0.00,0.00,0.28
2016,Summer,STAC,KMM0151,E. bislineata,39,0,0,0,0.49,0.49,0.00,0.00,0.00,1.00
2016,Summer,STAC,KMM0118,E. bislineata,41,0,0,0,16.12,16.12,0.00,0.00,0.00,1.00
2016,Summer,STAC,KMM0152,E. bislineata,41,0,0,0,0.84,0.84,0.00,0.00,0.00,1.00
2016,Summer,STAC,KMM084,D. fuscus,43,0.23,0,0,0,0.23,1.00,0.00,0.00,0.00
2016,Summer,STAC,KMM083,D. fuscus,44,0,10.38,0,5.03,15.41,0.00,0.67,0.00,0.33
2016,Summer,STAC,KMM0119,D. fuscus,45,0,4.78,0,27.02,31.8,0.00,0.15,0.00,0.85
2016,Summer,STAC,KMM0112,D. fuscus,45,0,0,0,0.79,0.79,0.00,0.00,0.00,1.00
2016,Summer,STAC,KMM0106,D. fuscus,49,0,0,0,0.11,0.11,0.00,0.00,0.00,1.00
2016,Summer,STAC,KMM0117,D. fuscus,50,0,0,0,181.27,181.27,0.00,0.00,0.00,1.00
2016,Fall,STAC,KMM0208,D. fuscus,29,0,0.21,0,0,0.21,0.00,1.00,0.00,0.00
2016,Fall,STAC,KMM0214,E. bislineata,29,0,0,0,5.42,5.42,0.00,0.00,0.00,1.00
2016,Fall,STAC,KMM0191,D. fuscus,32,0.04,44.27,0,23.64,67.95,0.00,0.65,0.00,0.35
2016,Fall,STAC,KMM0212,E. bislineata,33,1.49,1.31,0,11.18,13.98,0.11,0.09,0.00,0.80
2016,Fall,STAC,KMM0213,E. bislineata,34,0.08,0,0,2.91,2.99,0.03,0.00,0.00,0.97
2016,Fall,STAC,KMM0207,E. bislineata,35,0,0,0,3.68,3.68,0.00,0.00,0.00,1.00
2016,Fall,STAC,KMM0210,E. bislineata,35,0,0.83,0,3.9,4.73,0.00,0.18,0.00,0.82
2016,Fall,STAC,KMM0194,D. fuscus,35,0.04,0,0,18.36,18.4,0.00,0.00,0.00,1.00
2016,Fall,STAC,KMM0155,E. bislineata,36,0,0,0,0.39,0.39,0.00,0.00,0.00,1.00
2016,Fall,STAC,KMM0218,E. bislineata,36,0.76,0,0,14.15,14.91,0.05,0.00,0.00,0.95
2016,Fall,STAC,KMM0206,E. bislineata,37,0,0,0,0.46,0.46,0.00,0.00,0.00,1.00
2016,Fall,STAC,KMM0228,E. bislineata,37,0,0,6.28,0,6.28,0.00,0.00,1.00,0.00
2016,Fall,STAC,KMM0230,E. bislineata,37,0,0,0,0.54,0.54,0.00,0.00,0.00,1.00
2016,Fall,STAC,KMM0158,D. fuscus,37,0,0,0,0.33,0.33,0.00,0.00,0.00,1.00
2016,Fall,STAC,KMM0195,E. bislineata,38,0,0.05,0,2.4,2.45,0.00,0.02,0.00,0.98
2016,Fall,STAC,KMM0216,E. bislineata,38,0,0,0,5.71,5.71,0.00,0.00,0.00,1.00
2016,Fall,STAC,KMM0229,E. bislineata,38,0,0,0,1.37,1.37,0.00,0.00,0.00,1.00
2016,Fall,STAC,KMM0157,E. bislineata,39,0,0.52,0,1.92,2.44,0.00,0.21,0.00,0.79
2016,Fall,STAC,KMM0192,E. bislineata,39,0,14.71,0,2.4,17.11,0.00,0.86,0.00,0.14
2016,Fall,STAC,KMM0209,E. bislineata,39,0,0,0,20.95,20.95,0.00,0.00,0.00,1.00
2016,Fall,STAC,KMM0211,E. bislineata,41,0.08,0,0,10.26,10.34,0.01,0.00,0.00,0.99
2016,Fall,STAC,KMM0215,E. bislineata,41,0,0,0.76,4.34,5.1,0.00,0.00,0.15,0.85
2016,Fall,STAC,KMM0193,D. fuscus,46,0,0,0,0.78,0.78,0.00,0.00,0.00,1.00
2016,Fall,STAC,KMM0154,D. fuscus,55,0,118.76,0,0,118.76,0.00,1.00,0.00,0.00
2017,Summer,HECR,KMM0304,E. bislineata,36,0,0,0,1.68,1.68,0.00,0.00,0.00,1.00
2017,Summer,HECR,KMM0306,E. bislineata,38,0,0,0,0.16,0.16,0.00,0.00,0.00,1.00
2017,Summer,HECR,KMM0301,E. bislineata,39,0,0,0,6.09,6.09,0.00,0.00,0.00,1.00
2017,Summer,HECR,KMM0305,E. bislineata,39,0,8.12,0,0.79,8.91,0.00,0.91,0.00,0.09
2017,Summer,HECR,KMM0300,E. bislineata,40,0.05,0,0,162.74,162.79,0.00,0.00,0.00,1.00
2017,Summer,HECR,KMM0303,E. bislineata,41,0,0,0,6.06,6.06,0.00,0.00,0.00,1.00
2017,Summer,HECR,KMM0298,E. bislineata,42,0,0,0,12.3,12.3,0.00,0.00,0.00,1.00
2017,Summer,HECR,KMM0309,D. fuscus,58,0,0,0,2.81,2.81,0.00,0.00,0.00,1.00
2017,Summer,SGL 221,KMM0324,D. ochrophaeus,32,0,0,0,1.47,1.47,0.00,0.00,0.00,1.00
2017,Summer,SGL 221,KMM0337,D. ochrophaeus,35,0,0,0,0.11,0.11,0.00,0.00,0.00,1.00
2017,Summer,SGL 221,KMM0314,D. ochrophaeus,38,0,41.85,0,0.62,42.47,0.00,0.99,0.00,0.01
2017,Summer,SGL 221,KMM0336,D. ochrophaeus,39,0,0,20.9,1.55,22.45,0.00,0.00,0.93,0.07
2017,Summer,SGL 221,KMM0323,D. ochrophaeus,40,0,0,17.27,8.66,25.93,0.00,0.00,0.67,0.33
2017,Summer,SGL 221,KMM0296,D. fuscus,41,0,0,0,0.7,0.7,0.00,0.00,0.00,1.00
2017,Summer,SGL 221,KMM0325,D. ochrophaeus,41,0,8.34,56.75,0.03,65.12,0.00,0.13,0.87,0.00
2017,Summer,SGL 221,KMM0332,E. bislineata,41,0,0,0,2.2,2.2,0.00,0.00,0.00,1.00
2017,Summer,SGL 221,KMM0311,D. ochrophaeus,42,0.77,1.67,0,0.55,2.99,0.26,0.56,0.00,0.18
2017,Summer,SGL 221,KMM0313,D. ochrophaeus,42,0,0,0,13.59,13.59,0.00,0.00,0.00,1.00
2017,Summer,SGL 221,KMM0317,E. bislineata,42,0,0,57.43,0,57.43,0.00,0.00,1.00,0.00
2017,Summer,SGL 221,KMM0319,D. ochrophaeus,42,0,1.8,0.51,4.46,6.77,0.00,0.27,0.08,0.66
2017,Summer,SGL 221,KMM0330,D. ochrophaeus,42,0,0,0,0.03,0.03,0.00,0.00,0.00,1.00
2017,Summer,SGL 221,KMM0295,D. ochrophaeus,43,0,0,0,3.87,3.87,0.00,0.00,0.00,1.00
2017,Summer,SGL 221,KMM0335,D. ochrophaeus,43,0.1,0,0,17.26,17.36,0.01,0.00,0.00,0.99
2017,Summer,SGL 221,KMM0328,D. ochrophaeus,44,0,0,3.97,0,3.97,0.00,0.00,1.00,0.00
2017,Summer,SGL 221,KMM0331,D. ochrophaeus,44,0,3.27,0,0,3.27,0.00,1.00,0.00,0.00
2017,Summer,SGL 221,KMM0333,D. ochrophaeus,44,0,0,0,0.65,0.65,0.00,0.00,0.00,1.00
2017,Summer,SGL 221,KMM0334,D. ochrophaeus,44,0,0,0,2.47,2.47,0.00,0.00,0.00,1.00
2017,Summer,SGL 221,KMM0297,D. fuscus,48,0,0,0,1.21,1.21,0.00,0.00,0.00,1.00
2017,Summer,SGL 221,KMM0321,D. fuscus,56,0,2.36,33.93,3.3,39.59,0.00,0.06,0.86,0.08
2017,Summer,SGL 221,KMM0318,D. fuscus,57,0,0,0,234.68,234.68,0.00,0.00,0.00,1.00
2017,Summer,SGL 221,KMM0315,D. fuscus,60,0,0,0,2.34,2.34,0.00,0.00,0.00,1.00
2017,Summer,SGL 221,KMM0316,D. fuscus,63,0,0,0,4.8,4.8,0.00,0.00,0.00,1.00
2017,Summer,SGL 221,KMM0312,D. fuscus,65,7.29,48.58,1.71,11.35,68.93,0.11,0.70,0.02,0.16
2017,Summer,SGL 221,KMM0294,D. fuscus,65,0.03,5.06,0,56.31,61.4,0.00,0.08,0.00,0.92
2017,Summer,SGL 221,KMM0320,D. fuscus,67,0,0,10.63,0,10.63,0.00,0.00,1.00,0.00
2017,Summer,SGL 221,KMM0322,D. fuscus,73,0,0,2.86,0,2.86,0.00,0.00,1.00,0.00
2017,Spring,SGL 221,KMM0272,D. ochrophaeus,28,0,0,0,1.1,1.1,0.00,0.00,0.00,1.00
2017,Spring,SGL 221,KMM0275,D. ochrophaeus,28,0,0,0,0.86,0.86,0.00,0.00,0.00,1.00
2017,Spring,SGL 221,KMM0243,E. bislineata,31,0.06,0,0.91,1.42,2.39,0.03,0.00,0.38,0.59
2017,Spring,SGL 221,KMM0242,D. ochrophaeus,34,0.82,0,0,19.05,19.87,0.04,0.00,0.00,0.96
2017,Spring,SGL 221,KMM0267,D. ochrophaeus,36,0,0,0,10.63,10.63,0.00,0.00,0.00,1.00
2017,Spring,SGL 221,KMM0241,E. bislineata,38,0.03,0,0,0,0.03,1.00,0.00,0.00,0.00
2017,Spring,SGL 221,KMM0268,D. ochrophaeus,38,0,0,0,0.27,0.27,0.00,0.00,0.00,1.00
2017,Spring,SGL 221,KMM0238,D. fuscus,38,0.05,0,0,17.33,17.38,0.00,0.00,0.00,1.00
2017,Spring,SGL 221,KMM0292,E. bislineata,38,0,0,0,9.68,9.68,0.00,0.00,0.00,1.00
2017,Spring,SGL 221,KMM0277,D. ochrophaeus,39,10.41,0,35.48,29.87,75.76,0.14,0.00,0.47,0.39
2017,Spring,SGL 221,KMM0289,D. ochrophaeus,39,0,0,0,55.15,55.15,0.00,0.00,0.00,1.00
2017,Spring,SGL 221,KMM0282,D. fuscus,39,0,0,0,19.71,19.71,0.00,0.00,0.00,1.00
2017,Spring,SGL 221,KMM0281,D. fuscus,40,0.15,0.49,5.36,23.15,29.15,0.01,0.02,0.18,0.79
2017,Spring,SGL 221,KMM0285,D. ochrophaeus,40,16.2,0,0,65.68,81.88,0.20,0.00,0.00,0.80
2017,Spring,SGL 221,KMM0286,D. ochrophaeus,40,0.97,0,0,9.81,10.78,0.09,0.00,0.00,0.91
2017,Spring,SGL 221,KMM0276,D. ochrophaeus,41,0,0,0,177.05,177.05,0.00,0.00,0.00,1.00
2017,Spring,SGL 221,KMM0240,D. ochrophaeus,42,0,0,0,0.08,0.08,0.00,0.00,0.00,1.00
2017,Spring,SGL 221,KMM0280,D. ochrophaeus,42,0.5,0.82,8.07,0.24,9.63,0.05,0.09,0.84,0.02
2017,Spring,SGL 221,KMM0293,D. fuscus,42,0,0,0,7.78,7.78,0.00,0.00,0.00,1.00
2017,Spring,SGL 221,KMM0264,D. ochrophaeus,43,0,0,0,0.31,0.31,0.00,0.00,0.00,1.00
2017,Spring,SGL 221,KMM0269,D. ochrophaeus,43,0,0,0,4.63,4.63,0.00,0.00,0.00,1.00
2017,Spring,SGL 221,KMM0270,D. ochrophaeus,43,0,0,4.74,0,4.74,0.00,0.00,1.00,0.00
2017,Spring,SGL 221,KMM0271,D. ochrophaeus,44,0.55,0,3.31,2.56,6.42,0.09,0.00,0.52,0.40
2017,Spring,SGL 221,KMM0244,D. fuscus,46,0,0,5.71,9.09,14.8,0.00,0.00,0.39,0.61
2017,Spring,SGL 221,KMM0291,D. fuscus,49,0,0,0,27.2,27.2,0.00,0.00,0.00,1.00
2017,Spring,SGL 221,KMM0287,D. fuscus,56,1.61,0,0,16.41,18.02,0.09,0.00,0.00,0.91
2017,Spring,SGL 221,KMM0274,D. fuscus,57,0,0,106.02,68.52,174.54,0.00,0.00,0.61,0.39
2017,Spring,SGL 221,KMM0246,D. fuscus,66,0.1,0,4.23,4.8,9.13,0.01,0.00,0.46,0.53
2017,Spring,SGL 221,KMM0273,D. fuscus,66,115.99,0,0,1.54,117.53,0.99,0.00,0.00,0.01
2017,Spring,SGL 221,KMM0283,D. fuscus,66,9.73,0,0,16.83,26.56,0.37,0.00,0.00,0.63
2017,Spring,SGL 221,KMM0265,D. fuscus,69,0,0,0,26.87,26.87,0.00,0.00,0.00,1.00
2017,Spring,SGL 221,KMM0284,D. fuscus,70,4.12,8.14,39.55,7.42,59.23,0.07,0.14,0.67,0.13
2017,Spring,SGL 221,KMM0279,D. fuscus,70,0,0,0,450.35,450.35,0.00,0.00,0.00,1.00
2017,Fall,SGL 221,KMM0340,D. fuscus,30,0,0,0,1.8,1.8,0.00,0.00,0.00,1.00
2017,Fall,SGL 221,KMM0347,D. fuscus,33,0,0,0,0.38,0.38,0.00,0.00,0.00,1.00
2017,Fall,SGL 221,KMM0351,D. fuscus,33,0,0,0,0.7,0.7,0.00,0.00,0.00,1.00
2017,Fall,SGL 221,KMM0369,E. bislineata,33,2.77,0,0,19.07,21.84,0.13,0.00,0.00,0.87
2017,Fall,SGL 221,KMM0342,E. bislineata,36,0,0,0.16,0.85,1.01,0.00,0.00,0.16,0.84
2017,Fall,SGL 221,KMM0352,E. bislineata,38,0.11,0,10.51,1.47,12.09,0.01,0.00,0.87,0.12
2017,Fall,SGL 221,KMM0356,E. bislineata,38,0,0,1.77,2.75,4.52,0.00,0.00,0.39,0.61
2017,Fall,SGL 221,KMM0366,E. bislineata,38,0,0.43,0,5.18,5.61,0.00,0.08,0.00,0.92
2017,Fall,SGL 221,KMM0385,D. ochrophaeus,38,0,0,0,6.44,6.44,0.00,0.00,0.00,1.00
2017,Fall,SGL 221,KMM0339,E. bislineata,39,0,0,0,1.26,1.26,0.00,0.00,0.00,1.00
2017,Fall,SGL 221,KMM0353,E. bislineata,39,0,0,0,7.45,7.45,0.00,0.00,0.00,1.00
2017,Fall,SGL 221,KMM0362,D. fuscus,39,8.53,0,0,0.65,9.18,0.93,0.00,0.00,0.07
2017,Fall,SGL 221,KMM0375,E. bislineata,39,0,0,2.28,1.97,4.25,0.00,0.00,0.54,0.46
2017,Fall,SGL 221,KMM0345,D. ochrophaeus,40,0,0,0,0.11,0.11,0.00,0.00,0.00,1.00
2017,Fall,SGL 221,KMM0348,D. fuscus,40,0.16,0,0,0.93,1.09,0.15,0.00,0.00,0.85
2017,Fall,SGL 221,KMM0364,D. ochrophaeus,40,0,0,0,0.93,0.93,0.00,0.00,0.00,1.00
2017,Fall,SGL 221,KMM0365,E. bislineata,40,0,0,0,9.95,9.95,0.00,0.00,0.00,1.00
2017,Fall,SGL 221,KMM0367,E. bislineata,40,0.04,0,1.48,2.58,4.1,0.01,0.00,0.36,0.63
2017,Fall,SGL 221,KMM0368,E. bislineata,40,0,0,0,3.89,3.89,0.00,0.00,0.00,1.00
2017,Fall,SGL 221,KMM0379,E. bislineata,40,0,5.66,0,3.38,9.04,0.00,0.63,0.00,0.37
2017,Fall,SGL 221,KMM0343,D. ochrophaeus,41,0,0,0,0.97,0.97,0.00,0.00,0.00,1.00
2017,Fall,SGL 221,KMM0355,E. bislineata,41,2.39,0,0,0,2.39,1.00,0.00,0.00,0.00
2017,Fall,SGL 221,KMM0357,E. bislineata,41,0.07,0.56,0.77,5.43,6.83,0.01,0.08,0.11,0.80
2017,Fall,SGL 221,KMM0377,E. bislineata,41,0,0.16,0,14.19,14.35,0.00,0.01,0.00,0.99
2017,Fall,SGL 221,KMM0387,D. ochrophaeus,41,0.13,0,0.62,23.28,24.03,0.01,0.00,0.03,0.97
2017,Fall,SGL 221,KMM0388,D. ochrophaeus,41,0,0,0,19.57,19.57,0.00,0.00,0.00,1.00
2017,Fall,SGL 221,KMM0344,D. ochrophaeus,42,1.42,0,0,0,1.42,1.00,0.00,0.00,0.00
2017,Fall,SGL 221,KMM0374,E. bislineata,42,0.11,0,0,0.35,0.46,0.24,0.00,0.00,0.76
2017,Fall,SGL 221,KMM0381,D. ochrophaeus,42,0.09,35.28,0,5.02,40.39,0.00,0.87,0.00,0.12
2017,Fall,SGL 221,KMM0384,D. ochrophaeus,42,5.25,0,0,0.3,5.55,0.95,0.00,0.00,0.05
2017,Fall,SGL 221,KMM0338,E. bislineata,43,0,0,0,4.97,4.97,0.00,0.00,0.00,1.00
2017,Fall,SGL 221,KMM0360,D. ochrophaeus,43,0.26,0.41,0,55.39,56.06,0.00,0.01,0.00,0.99
2017,Fall,SGL 221,KMM0371,D. ochrophaeus,43,0,0,0,0.87,0.87,0.00,0.00,0.00,1.00
2017,Fall,SGL 221,KMM0376,E. bislineata,43,1.69,2.02,0,3.89,7.6,0.22,0.27,0.00,0.51
2017,Fall,SGL 221,KMM0363,D. ochrophaeus,44,0,0,3.57,24.5,28.07,0.00,0.00,0.13,0.87
2017,Fall,SGL 221,KMM0359,D. ochrophaeus,45,0,0,0,1.94,1.94,0.00,0.00,0.00,1.00
2017,Fall,SGL 221,KMM0386,D. fuscus,45,0,0,0,13.83,13.83,0.00,0.00,0.00,1.00
2017,Fall,SGL 221,KMM0378,D. fuscus,61,0.15,0,0,2.86,3.01,0.05,0.00,0.00,0.95
2017,Fall,SGL 221,KMM0383,D. fuscus,67,12.45,0,0,33.81,46.26,0.27,0.00,0.00,0.73
2017,Fall,SGL 221,KMM0341,D. fuscus,69,2.45,0,0,0.77,3.22,0.76,0.00,0.00,0.24
2017,Fall,SGL 221,KMM0350,D. fuscus,70,0,0,29.7,0,29.7,0.00,0.00,1.00,0.00
2017,Spring,SGL 57,KMM0233,D. ochrophaeus,35,2.85,1.79,0,17.48,22.12,0.13,0.08,0.00,0.79
2017,Spring,SGL 57,KMM0234,D. ochrophaeus,35,0.45,0,0.23,6.51,7.19,0.06,0.00,0.03,0.91
2017,Spring,SGL 57,KMM0236,D. ochrophaeus,35,0.24,0,7.8,0.55,8.59,0.03,0.00,0.91,0.06
2017,Spring,SGL 57,KMM0260,D. ochrophaeus,36,124.16,0,0,0,124.16,1.00,0.00,0.00,0.00
2017,Spring,SGL 57,KMM0250,D. ochrophaeus,37,1.18,0,1.27,3.81,6.26,0.19,0.00,0.20,0.61
2017,Spring,SGL 57,KMM0253,D. ochrophaeus,37,0.05,5.24,0,0.51,5.8,0.01,0.90,0.00,0.09
2017,Spring,SGL 57,KMM0254,D. ochrophaeus,37,0.8,0,1.5,1.6,3.9,0.21,0.00,0.38,0.41
2017,Spring,SGL 57,KMM0251,D. ochrophaeus,38,4.13,0.68,16.49,0.84,22.14,0.19,0.03,0.74,0.04
2017,Spring,SGL 57,KMM0252,D. ochrophaeus,39,0.18,7.62,0,137.19,144.99,0.00,0.05,0.00,0.95
2017,Spring,SGL 57,KMM0235,D. ochrophaeus,40,0.37,0,0,2.34,2.71,0.14,0.00,0.00,0.86
2017,Spring,SGL 57,KMM0248,D. ochrophaeus,40,0.54,1.87,0.28,17.95,20.64,0.03,0.09,0.01,0.87
2017,Spring,SGL 57,KMM0232,D. fuscus,40,19.97,0,0,1.76,21.73,0.92,0.00,0.00,0.08
2017,Spring,SGL 57,KMM0237,D. ochrophaeus,41,0.14,0,0,0.38,0.52,0.27,0.00,0.00,0.73
2017,Spring,SGL 57,KMM0249,D. ochrophaeus,41,0,0,0,1.07,1.07,0.00,0.00,0.00,1.00
2017,Spring,SGL 57,KMM0256,D. ochrophaeus,41,0.84,0,0,4.87,5.71,0.15,0.00,0.00,0.85
2017,Spring,SGL 57,KMM0258,D. ochrophaeus,41,2.45,0,0,0.02,2.47,0.99,0.00,0.00,0.01
2017,Spring,SGL 57,KMM0261,D. ochrophaeus,43,0,0,0,2.33,2.33,0.00,0.00,0.00,1.00
2017,Spring,SGL 57,KMM0263,D. ochrophaeus,43,0,0,0,15.05,15.05,0.00,0.00,0.00,1.00
2017,Spring,SGL 57,KMM0259,D. ochrophaeus,44,7.64,17.91,0,22.78,48.33,0.16,0.37,0.00,0.47
2017,Spring,SGL 57,KMM0255,G. porphyriticus,90,0,0,0,1.28,1.28,0.00,0.00,0.00,1.00
